order_item_id,order_id,product_id,quantity,unit_price
1,1,64,3,394.86
2,2,79,2,93.98
3,3,50,2,241.67
4,4,45,1,345.98
5,5,23,3,123.89
6,5,62,3,71.43
7,5,18,1,180.89
8,6,41,2,178.66
9,7,46,1,92.46
10,7,43,2,251.19
11,7,48,2,579.41
12,8,48,3,524.37
13,8,11,3,365.93
14,8,56,3,338.07
15,8,24,3,95.13
16,9,22,3,156.9
17,9,58,1,167.57
18,9,46,3,94.33
19,9,36,3,493.47
20,10,4,1,393.12
21,10,57,1,316.18
22,11,58,2,158.27
23,11,10,3,410.99
24,12,4,3,353.14
25,13,28,3,49.33
26,13,63,1,31.97
27,13,10,2,413.47
28,13,57,1,353.53
29,14,21,3,36.88
30,14,23,2,124.78
31,14,16,1,185.57
32,15,71,1,46.16
33,15,12,1,120.4
34,15,62,3,74.22
35,15,53,3,59.22
36,16,71,3,45.98
37,16,17,2,369.72
38,17,29,2,505.03
39,17,67,2,525.42
40,17,33,1,239.06
41,18,65,3,244.26
42,19,73,1,650.82
43,19,4,1,344.66
44,19,74,2,209.48
45,20,39,2,46.45
46,20,52,2,180.27
47,20,8,1,255.24
48,21,45,2,313.43
49,21,48,3,550.44
50,21,41,1,177.24
51,22,79,2,94.1
52,22,21,2,38.18
53,22,41,1,185.81
54,22,64,3,390.45
55,23,31,1,273.87
56,23,7,1,539.75
57,23,77,3,297.38
58,23,37,3,248.26
59,24,47,1,215.48
60,24,73,3,587.6
61,24,71,2,42.2
62,24,65,2,269.2
63,25,72,2,342.68
64,25,26,3,31.16
65,25,65,1,239.1
66,26,42,3,66.17
67,26,51,3,202.92
68,27,61,1,444.46
69,27,15,2,334.5
70,27,4,3,370.55
71,28,68,3,553.14
72,28,49,1,189.7
73,29,57,2,332.15
74,30,8,3,242.63
75,30,27,3,350.4
76,30,62,3,73.81
77,30,23,2,132.93
78,31,79,2,93.21
79,31,32,2,156.99
80,31,29,2,491.57
81,32,37,1,272.99
82,32,70,2,418.49
83,32,51,2,209.74
84,33,57,3,323.29
85,33,62,1,71.67
86,33,69,2,44.28
87,34,7,3,596.36
88,34,29,3,450.46
89,35,1,3,375.93
90,35,21,2,36.55
91,36,37,3,250.49
92,36,12,3,125.74
93,36,69,3,42.87
94,37,51,2,185.4
95,38,37,2,291.17
96,38,70,3,392.87
97,38,18,3,173.86
98,39,24,1,102.2
99,39,38,3,523.86
100,39,25,1,66.21
101,40,24,1,98.06
102,41,43,2,271.06
103,41,74,1,196.56
104,41,47,3,209.65
105,42,16,3,189.13
106,42,38,2,518.92
107,42,29,1,469.2
108,43,32,3,161.95
109,43,11,3,367.26
110,44,74,3,192.86
111,44,42,3,67.53
112,45,59,1,509.95
113,46,3,2,43.41
114,46,1,3,332.93
115,46,10,1,431.24
116,47,5,2,331.62
117,47,18,3,188.33
118,47,54,2,640.9
119,47,49,2,191.1
120,48,45,1,316.01
121,48,69,2,41.57
122,49,69,2,43.54
123,49,32,2,151.65
124,49,36,1,490.3
125,49,15,1,346.58
126,50,58,3,166.13
127,51,8,1,257.92
128,51,38,1,535.54
129,52,31,2,286.71
130,52,67,1,490.54
131,52,36,1,462.04
132,53,68,2,550.98
133,53,53,1,61.55
134,53,24,3,98.0
135,53,29,2,498.16
136,54,50,1,250.62
137,54,43,3,249.22
138,55,35,2,59.04
139,56,62,1,79.83
140,56,43,2,287.31
141,57,32,3,158.16
142,57,27,2,384.91
143,57,71,2,47.36
144,57,49,2,181.28
145,58,13,3,156.21
146,58,41,1,174.47
147,58,53,1,64.26
148,58,29,3,443.83
149,59,26,2,29.75
150,59,73,1,618.14
151,60,59,1,528.07
152,60,46,1,82.19
153,60,70,2,373.11
154,60,70,3,422.41
155,61,53,1,67.15
156,62,8,3,263.52
157,62,79,2,100.64
158,62,3,1,45.45
159,63,3,3,47.51
160,63,56,1,293.0
161,63,13,3,148.04
162,64,11,2,398.05
163,64,59,3,487.67
164,64,29,2,484.91
165,64,11,3,400.0
166,65,2,3,153.92
167,66,68,1,510.58
168,67,70,3,403.34
169,67,23,2,114.82
170,67,27,3,339.82
171,68,70,2,385.85
172,68,18,3,181.12
173,68,65,3,277.99
174,68,7,1,553.88
175,69,42,1,69.66
176,69,58,2,154.5
177,69,71,2,44.83
178,69,75,3,142.42
179,70,50,2,255.09
180,70,12,1,133.17
181,71,58,3,163.06
182,71,53,1,58.73
183,71,46,3,81.52
184,71,77,2,306.35
185,72,74,3,193.52
186,72,49,1,169.73
187,73,54,2,591.95
188,73,10,2,419.06
189,73,32,3,158.68
190,74,43,3,262.27
191,74,43,2,260.31
192,74,77,1,279.92
193,74,78,3,409.26
194,75,74,1,198.7
195,75,36,2,447.81
196,75,73,1,627.46
197,75,70,1,404.84
198,76,9,2,426.27
199,76,18,3,169.18
200,76,33,3,220.81
201,77,69,3,44.22
202,77,54,3,548.89
203,77,47,3,233.06
204,77,69,3,42.3
205,78,73,3,636.01
206,79,66,3,271.04
207,79,75,3,147.02
208,80,45,1,332.46
209,80,38,2,544.2
210,81,67,2,485.27
211,81,13,2,162.63
212,82,3,2,46.3
213,83,60,1,86.96
214,83,24,1,100.66
215,83,56,2,289.05
216,83,79,1,97.3
217,84,74,1,214.4
218,85,63,3,36.63
219,85,41,3,174.99
220,85,51,3,183.12
221,86,79,3,91.5
222,86,18,2,163.94
223,86,40,1,278.65
224,87,55,1,422.64
225,87,69,3,44.19
226,87,23,3,117.88
227,87,37,1,256.09
228,88,50,3,261.22
229,88,64,2,404.32
230,89,38,1,490.85
231,89,69,2,39.15
232,90,35,3,60.43
233,91,55,1,439.77
234,91,32,2,164.98
235,92,16,1,168.84
236,92,76,3,319.13
237,92,79,3,96.96
238,92,79,1,102.64
239,93,42,3,65.88
240,93,74,2,219.47
241,94,36,3,430.13
242,95,63,1,34.49
243,95,35,3,56.63
244,95,58,1,165.13
245,95,12,2,124.56
246,96,12,3,133.76
247,97,64,2,381.28
248,97,37,2,271.85
249,98,6,1,294.19
250,99,1,2,332.05
251,99,17,3,357.67
252,99,36,1,469.31
253,99,33,1,229.07
254,100,55,3,395.48
255,100,13,1,149.69
256,101,2,3,158.46
257,102,14,1,57.5
258,103,19,1,189.41
259,103,2,3,166.54
260,104,79,3,97.19
261,104,28,1,54.39
262,104,18,1,177.31
263,104,50,2,280.59
264,105,4,3,394.76
265,105,27,3,366.88
266,105,25,3,63.9
267,106,68,1,576.14
268,107,70,3,372.39
269,107,61,1,418.56
270,107,9,1,398.65
271,108,55,3,416.85
272,108,69,3,42.15
273,108,36,1,443.72
274,108,66,1,291.0
275,109,40,3,290.77
276,110,79,3,91.03
277,110,23,1,114.76
278,110,18,3,160.92
279,110,64,2,394.03
280,111,16,1,172.43
281,111,55,2,425.2
282,111,34,3,519.19
283,112,48,1,523.35
284,112,14,3,60.97
285,113,32,1,154.82
286,114,29,2,451.64
287,114,41,2,187.63
288,114,74,2,191.85
289,114,7,1,534.47
290,115,40,2,274.05
291,115,59,1,498.04
292,115,38,3,532.96
293,116,70,1,370.97
294,116,53,1,60.86
295,117,14,1,59.58
296,117,31,2,269.87
297,117,8,1,266.61
298,118,59,3,474.61
299,118,13,3,147.65
300,118,51,1,198.25
301,119,51,3,205.86
302,119,42,2,67.65
303,119,30,1,193.18
304,120,41,2,167.25
305,120,46,1,86.6
306,120,60,2,87.7
307,120,12,1,130.44
308,121,32,2,152.91
309,122,58,3,168.13
310,122,32,1,154.57
311,122,18,1,160.94
312,122,29,1,447.81
313,123,10,1,471.85
314,123,26,3,30.83
315,123,17,1,393.82
316,124,51,2,180.44
317,124,55,1,413.53
318,124,24,2,94.91
319,124,20,1,209.87
320,125,12,2,121.89
321,126,49,3,176.17
322,127,35,1,53.01
323,127,77,1,267.2
324,127,36,1,480.74
325,127,61,3,443.66
326,128,69,3,38.4
327,128,29,3,497.32
328,128,50,2,279.41
329,129,76,1,337.84
330,129,46,3,88.18
331,129,73,1,651.97
332,130,30,3,172.0
333,131,44,3,489.75
334,131,42,1,62.89
335,132,51,3,182.7
336,132,39,2,45.6
337,132,21,3,38.26
338,133,29,3,477.65
339,133,23,2,120.7
340,133,38,1,482.83
341,134,24,3,95.52
342,135,31,2,291.36
343,136,34,1,462.48
344,137,50,2,270.83
345,138,13,2,164.33
346,138,74,3,213.03
347,138,29,1,467.14
348,138,5,2,310.4
349,139,10,3,467.93
350,139,12,2,126.14
351,140,21,1,33.36
352,140,27,1,355.32
353,140,71,3,48.46
354,140,70,2,403.5
355,141,20,1,201.4
356,141,55,1,409.45
357,141,77,2,275.2
358,141,4,1,352.22
359,142,61,2,483.24
360,142,34,1,493.14
361,142,50,1,255.53
362,142,49,2,171.13
363,143,73,1,583.24
364,143,13,1,161.26
365,143,70,2,423.27
366,144,69,3,43.84
367,144,61,3,482.26
368,144,61,2,423.15
369,144,5,3,340.49
370,145,23,1,134.15
371,145,25,1,60.21
372,145,11,3,366.58
373,145,19,3,181.08
374,146,67,2,531.17
375,146,2,3,165.83
376,146,67,2,466.25
377,147,14,3,61.98
378,148,74,3,203.58
379,148,23,2,122.65
380,148,80,3,359.45
381,148,52,1,178.57
382,149,3,2,47.54
383,149,39,2,46.73
384,149,63,3,35.08
385,150,35,3,56.65
386,150,12,1,123.07
387,150,53,3,63.45
388,151,65,2,242.88
389,151,68,3,493.19
390,151,25,1,68.59
391,152,36,2,481.85
392,152,65,2,263.8
393,153,61,3,457.94
394,153,45,1,351.64
395,154,29,3,449.87
396,154,27,2,369.49
397,155,77,1,276.33
398,155,78,2,444.96
399,156,60,2,85.34
400,156,80,2,353.99
401,157,39,3,45.37
402,157,9,2,447.48
403,157,42,2,65.53
404,158,77,2,296.82
405,159,52,2,188.62
406,159,75,3,156.9
407,159,25,2,67.43
408,159,29,3,473.51
409,160,38,1,507.04
410,160,34,3,506.16
411,161,54,2,581.12
412,161,75,2,144.39
413,161,16,2,164.35
414,162,49,3,174.4
415,163,19,2,199.55
416,163,24,1,98.22
417,163,23,2,127.32
418,163,1,2,336.08
419,164,17,3,365.57
420,165,69,1,42.92
421,166,29,3,499.65
422,166,40,1,274.83
423,167,59,3,510.54
424,167,68,2,528.24
425,167,18,2,188.83
426,168,3,1,43.19
427,168,17,1,383.57
428,168,76,3,309.5
429,168,47,3,224.36
430,169,77,1,296.88
431,170,61,3,428.61
432,170,2,2,160.5
433,170,13,3,157.5
434,171,15,1,329.9
435,171,78,1,449.51
436,171,67,1,486.05
437,172,62,2,72.07
438,172,2,3,151.75
439,173,13,2,160.66
440,174,6,2,281.76
441,174,41,2,185.1
442,175,43,2,284.6
443,175,80,2,370.64
444,176,35,2,59.19
445,176,62,2,77.13
446,176,22,1,148.91
447,176,8,1,241.2
448,177,79,1,103.87
449,177,17,2,394.74
450,177,15,2,326.85
451,178,44,3,518.72
452,178,80,1,345.4
453,179,72,3,305.31
454,179,21,3,37.69
455,180,36,1,458.34
456,180,71,3,44.44
457,180,31,1,268.43
458,181,64,3,402.32
459,182,78,3,439.72
460,183,47,1,230.26
461,183,59,2,513.82
462,183,80,3,347.68
463,184,44,2,544.42
464,185,64,1,413.05
465,185,53,1,61.08
466,186,25,3,63.33
467,186,54,1,634.53
468,186,76,1,341.49
469,186,58,2,165.78
470,187,75,2,155.24
471,187,23,3,126.19
472,187,17,1,362.8
473,187,77,3,307.24
474,188,36,2,492.25
475,188,38,2,534.63
476,189,71,2,46.89
477,189,71,3,43.26
478,189,27,3,373.17
479,190,15,2,333.35
480,190,75,3,155.67
481,190,54,3,617.33
482,191,49,1,167.22
483,192,33,1,246.81
484,192,38,1,530.4
485,192,5,2,353.74
486,193,66,3,260.91
487,193,7,2,549.38
488,194,29,3,486.49
489,194,48,3,549.11
490,194,78,1,449.39
491,194,25,2,64.5
492,195,55,2,427.44
493,196,20,1,194.48
494,196,42,3,63.21
495,196,79,3,94.94
496,196,74,3,199.77
497,197,54,3,597.04
498,197,12,2,118.63
499,198,72,3,302.87
500,198,45,2,319.35
501,198,79,3,94.03
502,198,6,3,306.32
503,199,67,2,498.67
504,200,42,3,63.56
505,200,13,1,168.99
506,201,55,1,403.34
507,201,56,3,329.02
508,202,10,1,413.85
509,203,53,2,63.11
510,203,52,2,176.23
511,203,50,3,244.83
512,204,65,1,249.33
513,204,39,3,45.2
514,204,57,2,330.85
515,205,70,2,422.6
516,205,19,2,193.9
517,205,48,1,549.72
518,205,72,1,308.97
519,206,40,1,305.58
520,207,21,1,34.05
521,207,33,1,219.31
522,208,9,2,387.62
523,208,75,2,155.88
524,208,46,1,89.71
525,209,63,2,33.11
526,209,40,3,297.76
527,209,73,3,604.63
528,210,56,2,330.21
529,210,18,3,181.37
530,211,23,3,126.76
531,212,10,1,461.4
532,213,71,2,45.65
533,214,76,3,345.99
534,214,18,2,174.8
535,215,66,1,267.86
536,215,23,3,133.67
537,216,9,2,405.86
538,216,6,3,274.59
539,217,42,1,70.42
540,218,49,2,182.86
541,218,10,3,419.06
542,218,29,3,463.67
543,218,45,2,349.21
544,219,28,1,48.51
545,219,47,3,226.73
546,219,16,3,169.43
547,220,53,1,60.97
548,220,17,3,375.08
549,221,34,1,483.36
550,221,52,3,195.46
551,222,62,1,71.89
552,222,53,3,59.93
553,222,75,1,148.15
554,222,66,2,255.66
555,223,17,1,340.58
556,223,67,3,512.39
557,223,20,3,192.56
558,223,61,3,461.51
559,224,56,3,308.92
560,225,45,3,349.86
561,225,74,1,202.0
562,225,33,2,244.02
563,225,11,2,376.37
564,226,74,3,191.8
565,227,47,1,206.75
566,227,75,2,139.62
567,227,69,2,41.81
568,227,79,2,105.93
569,228,48,3,549.84
570,228,33,2,236.88
571,229,13,1,157.19
572,229,44,3,526.33
573,230,19,2,201.49
574,231,50,2,265.81
575,232,64,2,361.41
576,232,67,2,472.88
577,233,31,3,248.32
578,233,21,1,38.54
579,233,52,2,186.64
580,234,12,3,119.9
581,235,78,1,426.97
582,235,52,3,167.05
583,236,44,1,542.17
584,236,33,3,245.81
585,236,74,2,210.91
586,237,59,3,538.73
587,237,62,1,72.36
588,237,49,3,188.73
589,237,29,3,486.22
590,238,32,2,145.26
591,238,44,1,521.35
592,238,23,2,120.85
593,239,64,3,373.44
594,239,31,2,257.37
595,240,11,3,397.84
596,241,80,2,348.77
597,241,74,2,204.17
598,241,66,2,265.75
599,242,65,2,253.68
600,243,2,3,154.96
601,244,71,2,43.4
602,244,61,3,442.6
603,245,47,2,211.19
604,245,24,3,92.53
605,245,74,3,195.47
606,246,19,3,177.77
607,246,2,1,160.52
608,247,33,3,247.53
609,247,7,2,523.2
610,247,21,1,34.02
611,248,47,2,221.16
612,248,33,2,215.72
613,248,16,2,187.73
614,249,46,2,89.73
615,249,63,3,33.77
616,249,11,2,377.29
617,250,79,3,96.59
618,250,10,1,412.71
619,250,30,2,174.87
620,250,38,3,490.24
621,251,53,1,60.35
622,251,3,1,46.88
623,251,33,3,241.55
624,251,11,1,350.45
625,252,4,2,373.53
626,253,40,1,281.72
627,253,37,2,275.31
628,253,17,3,389.83
629,253,4,1,381.95
630,254,71,2,42.65
631,254,70,1,399.05
632,254,59,3,529.4
633,255,62,3,71.98
634,255,12,2,120.37
635,255,53,2,60.06
636,256,37,2,271.31
637,256,63,2,32.95
638,256,56,2,317.87
639,257,51,1,184.67
640,257,50,2,249.16
641,257,11,2,377.99
642,257,67,3,522.33
643,258,25,1,61.69
644,258,38,1,520.76
645,258,80,2,336.3
646,258,80,2,331.53
647,259,37,2,253.37
648,260,44,2,500.99
649,260,64,2,390.25
650,261,35,2,53.43
651,262,2,1,175.1
652,262,32,2,162.37
653,262,57,1,349.55
654,262,5,1,334.46
655,263,42,1,69.6
656,263,6,3,308.74
657,263,67,1,477.61
658,264,15,1,337.13
659,264,42,1,64.5
660,265,75,3,144.66
661,266,8,1,251.72
662,266,20,3,207.27
663,266,14,1,59.18
664,267,25,1,67.03
665,267,46,3,82.11
666,267,6,2,297.95
667,267,72,2,331.36
668,268,36,3,488.6
669,268,71,1,42.16
670,268,20,2,199.23
671,268,34,3,471.67
672,269,80,1,339.05
673,269,9,3,446.05
674,269,50,1,262.01
675,270,15,1,331.26
676,270,9,1,437.18
677,270,17,1,391.93
678,271,63,3,34.74
679,271,76,2,303.14
680,271,29,3,487.5
681,271,2,1,166.69
682,272,48,3,505.96
683,272,79,2,98.57
684,272,10,2,406.76
685,272,28,3,47.77
686,273,73,3,663.08
687,273,72,3,332.18
688,274,14,1,62.1
689,274,71,2,45.37
690,274,21,3,38.55
691,274,57,2,358.55
692,275,78,1,434.53
693,275,28,2,53.31
694,275,33,2,251.45
695,276,67,1,537.32
696,277,3,3,47.58
697,277,71,3,45.75
698,277,74,1,191.02
699,278,30,2,189.31
700,278,12,3,122.23
701,279,77,3,279.92
702,280,45,2,328.88
703,280,16,1,184.29
704,280,78,1,439.46
705,281,42,3,70.36
706,281,20,1,211.85
707,282,38,2,480.37
708,282,44,1,514.76
709,282,7,3,550.44
710,282,11,2,370.57
711,283,72,3,355.6
712,283,68,1,511.67
713,284,53,2,62.22
714,285,22,2,161.33
715,285,57,3,317.25
716,285,6,1,274.25
717,286,37,1,262.92
718,286,15,2,327.35
719,287,71,2,46.24
720,287,19,3,194.55
721,287,3,2,45.82
722,288,7,2,573.63
723,288,2,1,159.65
724,288,35,3,60.7
725,289,30,2,180.47
726,289,13,2,156.59
727,289,77,3,269.96
728,289,26,3,33.47
729,290,63,2,35.41
730,290,3,2,46.57
731,290,46,3,84.49
732,291,72,2,314.43
733,292,54,1,600.49
734,292,55,2,451.7
735,293,18,2,180.11
736,293,68,1,527.93
737,294,24,2,103.84
738,295,39,2,50.38
739,295,36,1,478.55
740,295,14,1,56.26
741,295,79,3,94.4
742,296,11,3,387.27
743,296,18,3,184.58
744,296,61,3,465.17
745,297,5,2,351.04
746,297,2,2,174.46
747,298,79,2,101.09
748,298,59,1,502.88
749,298,6,3,299.3
750,298,49,3,174.82
751,299,67,1,493.61
752,300,72,2,329.94
753,301,60,1,81.91
754,301,79,1,101.13
755,301,19,2,198.56
756,302,51,2,189.75
757,302,4,1,369.29
758,303,16,1,166.09
759,303,58,3,158.03
760,304,6,1,307.57
761,304,73,3,654.57
762,304,21,1,33.81
763,304,7,2,542.17
764,305,1,3,363.91
765,305,2,2,162.52
766,306,76,3,325.76
767,306,53,2,59.27
768,307,7,1,527.67
769,307,45,1,314.22
770,308,14,2,64.04
771,309,59,3,515.38
772,309,5,1,351.25
773,310,38,2,479.26
774,311,79,1,91.89
775,311,68,1,532.57
776,312,17,3,373.3
777,312,67,3,508.15
778,312,64,1,416.98
779,313,27,3,389.81
780,314,2,3,154.71
781,314,37,2,282.47
782,315,43,2,262.97
783,316,61,1,464.88
784,316,62,1,76.87
785,316,69,2,41.12
786,316,53,3,59.03
787,317,27,3,371.48
788,318,69,1,41.85
789,318,50,1,265.02
790,318,40,3,310.8
791,318,5,2,331.9
792,319,68,2,505.84
793,319,48,1,569.54
794,320,25,2,69.5
795,320,68,2,557.84
796,321,59,2,526.49
797,322,43,2,284.36
798,323,27,2,343.12
799,323,37,2,271.19
800,323,57,3,315.71
801,324,27,3,351.88
802,325,22,1,153.5
803,325,44,3,512.06
804,326,7,1,552.92
805,326,23,3,126.55
806,326,76,3,344.88
807,326,58,3,157.84
808,327,73,1,577.4
809,327,60,1,82.36
810,327,60,2,79.34
811,327,29,1,498.43
812,328,42,2,68.03
813,328,9,2,388.61
814,328,62,2,79.54
815,329,14,2,59.83
816,329,10,2,438.96
817,329,52,3,179.09
818,329,80,1,351.92
819,330,56,3,327.53
820,330,70,3,376.43
821,330,10,3,467.15
822,330,74,2,191.68
823,331,52,1,184.54
824,331,77,2,281.19
825,331,8,1,245.96
826,332,58,3,156.16
827,332,79,3,97.26
828,333,56,3,337.44
829,333,45,1,337.86
830,333,79,3,96.58
831,334,1,3,352.29
832,335,41,3,174.82
833,335,49,2,181.61
834,335,23,2,117.31
835,335,72,2,347.4
836,336,18,1,162.63
837,336,3,1,46.84
838,337,59,3,517.48
839,337,55,3,401.56
840,337,66,2,272.5
841,337,58,2,157.83
842,338,65,2,254.4
843,338,70,3,384.77
844,339,11,1,384.29
845,339,68,2,530.95
846,339,11,3,393.89
847,339,12,1,123.69
848,340,69,1,41.17
849,340,66,2,273.46
850,340,43,2,261.1
851,341,73,2,574.25
852,341,61,3,429.79
853,341,7,3,604.09
854,342,33,1,238.33
855,342,36,2,421.76
856,342,15,3,312.61
857,343,63,1,35.71
858,343,5,2,363.02
859,344,31,3,267.6
860,344,22,1,160.34
861,344,45,1,341.08
862,344,15,1,312.23
863,345,49,3,186.3
864,345,61,2,428.02
865,346,68,3,573.46
866,346,13,3,160.48
867,346,56,3,334.16
868,347,60,3,86.3
869,347,76,1,328.11
870,347,24,2,99.18
871,347,2,1,149.72
872,348,33,1,216.26
873,348,80,1,324.11
874,348,77,3,307.77
875,349,73,1,657.91
876,349,24,2,95.14
877,349,10,3,433.35
878,349,36,2,472.1
879,350,49,2,175.4
880,351,79,2,92.99
881,351,63,1,32.09
882,352,14,1,55.19
883,352,74,3,196.2
884,352,58,1,172.02
885,353,51,3,179.62
886,353,63,2,33.71
887,353,9,3,396.21
888,354,43,3,258.93
889,354,8,3,278.54
890,354,12,2,124.94
891,355,23,3,115.3
892,355,50,3,247.91
893,356,25,1,60.14
894,356,4,3,402.03
895,356,31,2,265.35
896,356,70,3,380.99
897,357,52,1,173.15
898,358,5,3,317.04
899,359,2,1,166.08
900,359,40,1,291.67
901,360,9,1,409.68
902,360,52,2,170.47
903,361,6,3,273.03
904,361,9,1,399.44
905,362,18,1,183.02
906,363,23,1,128.78
907,364,67,2,490.41
908,364,23,3,128.48
909,364,77,1,299.47
910,365,16,3,190.87
911,365,80,2,369.75
912,366,36,1,435.09
913,366,20,3,217.54
914,367,47,2,208.7
915,368,14,3,54.99
916,369,10,1,452.32
917,370,30,1,175.14
918,370,13,1,163.03
919,370,26,2,33.09
920,371,28,3,50.73
921,371,50,2,245.6
922,372,36,1,428.96
923,373,78,1,450.32
924,373,79,1,99.35
925,373,71,1,42.29
926,374,2,3,160.69
927,374,32,1,151.17
928,374,75,1,154.47
929,375,65,1,255.02
930,375,51,2,205.15
931,375,13,2,156.86
932,375,11,3,385.67
933,376,3,2,46.45
934,377,60,1,87.99
935,377,52,1,190.18
936,377,48,3,541.84
937,377,1,3,324.6
938,378,11,3,393.34
939,378,8,3,276.37
940,379,47,2,207.48
941,380,31,3,253.29
942,380,62,3,80.68
943,380,75,3,138.41
944,381,36,1,425.41
945,381,45,2,332.64
946,381,68,1,531.4
947,381,69,3,43.56
948,382,25,2,60.68
949,383,36,1,472.46
950,383,64,1,416.43
951,384,61,2,448.27
952,384,3,2,42.93
953,385,42,2,69.2
954,385,68,3,529.24
955,385,39,3,45.56
956,386,7,1,546.26
957,386,59,1,518.65
958,386,21,3,35.87
959,387,74,1,202.51
960,387,48,1,518.93
961,387,5,3,326.61
962,388,16,1,174.43
963,388,64,1,421.07
964,388,41,1,163.89
965,389,74,3,192.77
966,389,73,3,659.0
967,389,57,2,346.9
968,390,52,3,191.68
969,391,75,3,138.7
970,391,36,1,422.38
971,392,41,3,181.25
972,392,8,3,251.95
973,392,19,3,199.29
974,392,48,2,533.75
975,393,28,3,54.32
976,394,54,1,625.76
977,394,77,1,272.57
978,394,39,2,52.29
979,394,68,2,496.41
980,395,23,3,123.84
981,395,73,1,588.06
982,395,49,2,181.87
983,395,6,2,303.94
984,396,20,2,199.38
985,397,63,3,34.86
986,397,4,1,388.05
987,398,34,3,496.59
988,398,16,2,177.53
989,398,74,1,215.92
990,398,21,3,33.11
991,399,54,3,633.13
992,399,46,1,84.31
993,399,68,3,571.77
994,400,70,2,417.01
995,400,39,2,49.91
996,401,18,3,168.57
997,402,20,3,196.73
998,402,25,3,66.23
999,403,59,1,477.22
1000,403,17,1,368.32
1001,403,40,3,287.21
1002,403,57,3,337.84
1003,404,17,3,348.11
1004,404,30,2,169.27
1005,405,3,2,47.1
1006,406,61,1,484.24
1007,407,78,1,436.24
1008,408,75,2,141.76
1009,408,65,3,262.86
1010,408,65,3,240.06
1011,409,22,3,145.61
1012,409,13,1,167.69
1013,409,61,2,468.75
1014,410,55,1,424.54
1015,410,53,1,66.31
1016,410,41,1,177.23
1017,410,67,1,497.17
1018,411,15,2,318.44
1019,411,77,3,280.47
1020,411,57,1,339.52
1021,411,38,2,483.74
1022,412,14,2,58.7
1023,412,11,1,349.04
1024,412,52,3,184.31
1025,412,14,3,63.38
1026,413,16,1,186.89
1027,413,64,2,409.42
1028,413,75,3,139.9
1029,413,52,2,180.93
1030,414,16,2,176.87
1031,415,64,3,362.43
1032,416,10,3,454.46
1033,417,70,2,412.99
1034,417,70,3,362.5
1035,417,5,2,357.35
1036,418,5,1,318.96
1037,418,39,3,45.81
1038,418,56,1,303.43
1039,418,50,2,272.16
1040,419,72,1,329.43
1041,419,51,2,195.17
1042,419,49,3,185.45
1043,419,37,2,250.59
1044,420,44,2,483.04
1045,421,31,3,261.99
1046,421,11,3,344.36
1047,422,59,3,538.85
1048,423,41,2,180.24
1049,424,44,2,517.01
1050,424,44,1,526.4
1051,425,69,1,39.95
1052,426,75,1,147.41
1053,427,45,1,341.58
1054,427,39,3,50.84
1055,428,71,1,48.13
1056,428,67,1,503.71
1057,428,28,3,54.94
1058,428,60,2,88.83
1059,429,47,2,206.5
1060,429,20,3,212.24
1061,430,27,2,347.0
1062,431,15,1,313.53
1063,431,32,2,154.63
1064,432,35,1,53.04
1065,432,36,3,461.59
1066,433,78,2,455.74
1067,433,53,2,65.38
1068,433,12,2,133.17
1069,434,67,3,524.05
1070,435,41,2,187.81
1071,436,36,2,451.03
1072,436,76,1,326.54
1073,437,36,1,447.66
1074,437,48,2,502.67
1075,438,16,3,187.72
1076,438,57,2,309.72
1077,438,51,2,189.03
1078,439,41,3,175.5
1079,439,5,2,356.6
1080,439,63,2,35.37
1081,439,43,3,264.11
1082,440,59,3,469.86
1083,440,7,3,572.44
1084,440,57,3,316.72
1085,441,21,1,35.76
1086,442,34,1,496.71
1087,442,42,2,64.84
1088,443,3,1,48.32
1089,443,79,3,93.79
1090,444,52,3,179.55
1091,445,2,3,163.27
1092,446,37,3,269.52
1093,446,17,2,390.9
1094,446,77,1,312.52
1095,447,38,2,487.6
1096,448,2,2,152.92
1097,449,10,1,440.68
1098,449,7,2,598.7
1099,449,61,2,490.74
1100,450,48,1,586.36
1101,450,72,1,333.37
1102,450,34,1,482.35
1103,450,44,2,485.93
1104,451,17,2,391.82
1105,452,67,2,492.33
1106,452,22,2,164.42
1107,452,63,1,34.37
1108,453,61,2,429.38
1109,454,57,2,363.26
1110,455,16,2,165.5
1111,455,37,1,284.43
1112,456,68,3,506.32
1113,457,37,3,290.83
1114,458,20,1,192.05
1115,458,62,2,76.88
1116,458,35,3,58.9
1117,459,28,1,53.61
1118,459,37,2,282.82
1119,460,31,2,252.22
1120,460,27,1,354.11
1121,461,39,2,50.82
1122,462,63,2,36.19
1123,462,61,2,458.8
1124,463,55,1,391.99
1125,463,44,2,531.57
1126,463,20,2,206.96
1127,463,68,1,515.86
1128,464,32,3,153.71
1129,464,73,1,623.33
1130,464,6,3,269.95
1131,465,46,2,88.49
1132,465,65,1,241.97
1133,465,60,1,86.8
1134,466,76,3,324.67
1135,466,58,3,169.69
1136,466,44,1,492.57
1137,467,15,1,312.45
1138,467,62,2,77.66
1139,467,78,3,429.2
1140,467,80,3,341.32
1141,468,3,3,48.66
1142,469,69,1,38.6
1143,469,60,1,82.6
1144,469,3,1,42.77
1145,469,20,3,212.82
1146,470,38,3,536.67
1147,470,51,1,190.08
1148,471,5,2,331.12
1149,471,66,3,280.06
1150,471,63,1,35.24
1151,472,54,2,556.61
1152,472,80,3,340.53
1153,472,56,1,295.76
1154,473,78,3,441.07
1155,473,17,2,382.91
1156,473,50,2,275.09
1157,474,62,1,71.32
1158,475,39,1,46.17
1159,475,7,1,546.77
1160,475,34,2,495.89
1161,475,23,3,115.15
1162,476,63,2,36.78
1163,476,46,1,91.11
1164,477,7,2,586.72
1165,478,72,1,329.47
1166,479,57,3,336.49
1167,479,13,1,160.73
1168,479,43,1,251.13
1169,480,44,2,517.2
1170,480,11,2,362.8
1171,480,54,2,605.93
1172,480,32,1,161.92
1173,481,59,3,533.17
1174,481,47,1,216.97
1175,481,2,3,170.66
1176,481,9,1,403.77
1177,482,74,1,220.31
1178,482,67,2,491.0
1179,483,68,3,570.39
1180,483,52,2,185.88
1181,483,70,3,411.64
1182,484,11,1,372.71
1183,484,50,3,270.25
1184,484,17,3,399.03
1185,485,21,1,32.94
1186,485,70,3,377.87
1187,485,39,3,47.84
1188,486,16,1,184.55
1189,486,16,2,171.37
1190,486,1,2,339.78
1191,487,45,2,321.74
1192,487,74,3,192.53
1193,488,47,2,204.73
1194,488,55,2,394.84
1195,489,68,2,541.62
1196,489,67,2,527.52
1197,489,75,2,148.46
1198,490,63,3,33.82
1199,490,66,3,253.48
1200,491,16,3,187.3
1201,491,15,1,323.04
1202,491,38,1,511.33
1203,492,4,1,350.49
1204,492,76,2,303.11
1205,492,40,2,280.2
1206,492,63,1,31.97
1207,493,44,2,514.7
1208,493,78,1,448.4
1209,493,65,3,256.5
1210,493,58,3,160.29
1211,494,51,2,196.64
1212,494,57,3,324.43
1213,495,72,3,309.0
1214,495,72,1,312.66
1215,495,80,3,353.56
1216,496,16,3,189.71
1217,497,11,3,376.88
1218,497,52,3,168.24
1219,497,3,2,44.75
1220,497,54,1,628.08
1221,498,37,1,255.89
1222,498,12,1,120.35
1223,499,8,2,253.16
1224,500,7,1,535.96
1225,501,35,1,55.73
1226,502,3,2,45.61
1227,502,76,3,305.92
1228,503,19,2,189.71
1229,503,22,1,159.31
1230,504,22,1,147.05
1231,504,62,2,76.51
1232,504,49,2,190.3
1233,505,39,1,47.63
1234,506,79,3,105.38
1235,506,41,3,191.08
1236,507,27,2,387.47
1237,507,43,1,285.44
1238,507,18,3,186.74
1239,508,51,3,182.07
1240,508,10,3,403.43
1241,508,57,3,316.03
1242,508,49,3,176.14
1243,509,2,1,169.0
1244,509,36,3,489.11
1245,509,46,1,81.48
1246,509,79,3,94.97
1247,510,78,1,395.75
1248,510,51,1,207.06
1249,510,73,3,617.61
1250,510,71,1,46.51
1251,511,17,2,395.53
1252,512,72,2,302.5
1253,512,55,3,435.45
1254,512,7,2,553.47
1255,513,67,1,528.48
1256,513,29,1,453.91
1257,513,54,3,588.55
1258,514,29,3,465.05
1259,515,4,2,367.98
1260,516,7,2,561.37
1261,516,31,1,282.3
1262,516,80,2,364.16
1263,517,49,2,191.7
1264,518,79,3,97.02
1265,518,14,3,55.02
1266,518,7,2,591.34
1267,519,59,2,505.91
1268,520,59,3,494.68
1269,521,74,1,209.03
1270,521,33,2,230.94
1271,522,40,3,290.7
1272,522,46,2,88.47
1273,523,48,1,546.55
1274,523,19,1,180.45
1275,523,72,1,324.92
1276,524,25,3,64.78
1277,524,60,3,85.54
1278,524,75,3,156.15
1279,525,64,1,419.29
1280,526,49,1,177.38
1281,526,1,2,321.16
1282,526,46,1,88.06
1283,527,6,1,274.23
1284,527,37,1,257.48
1285,527,34,3,456.59
1286,528,13,1,165.42
1287,528,18,2,179.16
1288,528,15,2,353.36
1289,529,68,3,567.03
1290,529,9,1,390.73
1291,530,77,2,311.66
1292,530,32,1,162.16
1293,530,76,1,345.85
1294,531,17,3,397.62
1295,531,63,1,35.31
1296,531,61,3,462.62
1297,532,64,3,390.29
1298,532,42,3,66.78
1299,532,62,3,80.88
1300,533,27,1,383.72
1301,534,74,1,218.91
1302,534,48,2,549.46
1303,534,18,1,168.96
1304,534,67,2,475.74
1305,535,56,2,306.22
1306,535,64,2,378.11
1307,535,4,1,368.56
1308,535,34,3,448.9
1309,536,30,1,169.07
1310,536,47,1,220.65
1311,536,43,1,275.08
1312,537,70,2,361.91
1313,537,39,2,50.98
1314,538,51,1,186.69
1315,538,27,2,345.06
1316,539,55,3,417.9
1317,539,57,2,355.84
1318,540,64,3,413.84
1319,541,42,3,62.9
1320,541,5,1,317.7
1321,541,43,3,273.11
1322,542,25,2,60.91
1323,542,73,2,632.15
1324,542,39,1,45.87
1325,542,71,1,41.89
1326,543,37,1,258.1
1327,543,68,1,530.06
1328,543,48,3,501.78
1329,543,42,2,66.97
1330,544,27,1,382.29
1331,544,40,2,308.9
1332,544,61,1,461.79
1333,544,40,3,279.6
1334,545,52,3,190.7
1335,546,12,2,127.19
1336,547,54,1,562.63
1337,547,80,3,345.36
1338,548,31,1,260.31
1339,549,64,2,423.91
1340,549,71,1,48.98
1341,550,22,2,150.83
1342,550,6,2,266.17
1343,550,60,2,80.85
1344,550,52,1,178.6
1345,551,63,2,31.67
1346,551,71,3,43.44
1347,551,57,1,334.99
1348,551,36,1,433.37
1349,552,22,1,162.74
1350,552,2,3,156.61
1351,552,57,2,319.0
1352,552,5,3,338.36
1353,553,50,3,252.88
1354,554,48,1,518.48
1355,554,3,2,41.75
1356,555,22,3,149.79
1357,556,80,1,373.8
1358,556,51,2,183.33
1359,557,2,2,155.01
1360,557,29,1,482.92
1361,557,36,3,467.03
1362,558,14,3,59.64
1363,558,73,1,593.35
1364,558,13,3,152.51
1365,558,50,3,278.96
1366,559,62,1,73.3
1367,559,78,3,426.56
1368,559,66,3,280.82
1369,560,40,1,305.09
1370,561,20,2,196.18
1371,561,5,1,359.71
1372,562,67,2,509.46
1373,563,27,3,334.55
1374,563,32,3,160.48
1375,564,9,2,385.73
1376,565,12,1,126.11
1377,565,27,1,361.06
1378,566,23,3,119.53
1379,566,37,3,267.51
1380,566,26,2,32.95
1381,566,62,1,80.82
1382,567,20,2,190.01
1383,567,49,2,190.64
1384,567,39,3,48.74
1385,567,71,3,42.95
1386,568,10,2,410.92
1387,568,61,1,428.73
1388,568,25,1,59.9
1389,568,65,3,267.56
1390,569,50,2,252.85
1391,569,76,1,322.21
1392,569,5,1,330.31
1393,570,66,3,269.72
1394,570,48,3,505.9
1395,570,50,2,270.96
1396,571,19,2,191.7
1397,572,2,1,169.73
1398,572,50,2,269.71
1399,573,33,3,226.43
1400,573,69,3,43.97
1401,573,76,2,339.46
1402,573,12,1,126.99
1403,574,40,1,316.95
1404,574,63,1,31.83
1405,574,54,3,585.47
1406,574,37,3,266.76
1407,575,65,1,256.07
1408,575,28,1,48.63
1409,576,80,1,370.07
1410,576,22,1,153.03
1411,576,49,1,173.77
1412,576,44,1,523.96
1413,577,75,1,135.75
1414,578,63,2,35.48
1415,578,78,2,418.72
1416,578,44,2,543.33
1417,579,13,1,155.89
1418,579,52,3,191.52
1419,579,18,1,177.66
1420,580,66,2,277.24
1421,580,1,3,374.78
1422,580,42,1,69.65
1423,580,6,3,280.14
1424,581,45,2,357.13
1425,582,67,3,520.49
1426,582,65,1,242.55
1427,583,15,2,338.73
1428,583,31,1,257.58
1429,583,12,1,122.93
1430,583,4,1,397.97
1431,584,16,3,166.71
1432,584,69,3,42.89
1433,584,12,3,120.88
1434,584,29,3,491.2
1435,585,72,2,345.54
1436,585,29,2,441.52
1437,585,12,1,115.97
1438,585,76,1,340.03
1439,586,74,3,187.95
1440,586,8,3,259.25
1441,586,50,2,253.36
1442,586,47,3,234.42
1443,587,69,2,40.14
1444,588,19,3,193.53
1445,588,5,3,326.78
1446,588,65,3,242.37
1447,589,8,2,243.24
1448,589,27,3,386.04
1449,589,29,3,488.86
1450,589,23,2,129.2
1451,590,45,2,327.5
1452,590,68,3,515.2
1453,590,25,3,68.79
1454,590,51,1,183.65
1455,591,57,3,335.62
1456,591,19,1,179.86
1457,592,49,2,185.54
1458,592,22,1,147.97
1459,593,76,2,351.96
1460,593,52,1,167.92
1461,593,31,2,269.72
1462,594,36,3,469.2
1463,594,48,1,511.41
1464,594,11,1,369.81
1465,594,66,1,249.32
1466,595,50,2,282.15
1467,595,56,2,316.57
1468,596,52,3,167.5
1469,596,72,3,344.21
1470,597,27,3,383.88
1471,598,6,1,291.8
1472,599,16,3,171.39
1473,600,39,1,51.96
1474,600,67,2,510.35
1475,601,78,3,430.86
1476,601,13,3,165.12
1477,601,31,1,256.55
1478,602,36,1,474.84
1479,602,55,1,426.98
1480,602,34,2,493.76
1481,603,19,3,179.42
1482,603,35,3,59.26
1483,603,25,3,63.69
1484,603,66,3,255.5
1485,604,10,2,410.07
1486,604,15,3,332.61
1487,605,19,1,181.56
1488,605,13,2,169.19
1489,605,29,2,505.36
1490,606,13,3,153.14
1491,606,74,2,206.18
1492,606,78,1,457.79
1493,606,22,2,169.81
1494,607,62,3,70.77
1495,607,2,3,162.94
1496,607,20,3,193.57
1497,607,49,3,187.17
1498,608,24,2,106.18
1499,608,60,3,80.09
1500,608,55,3,453.89
1501,608,30,2,184.18
1502,609,10,3,418.24
1503,610,2,2,167.25
1504,610,18,2,174.71
1505,610,69,3,38.86
1506,610,2,3,154.42
1507,611,78,2,462.53
1508,612,7,2,559.18
1509,612,22,2,170.4
1510,612,44,3,495.81
1511,613,1,3,356.31
1512,613,51,1,208.74
1513,614,46,1,88.92
1514,615,52,2,167.18
1515,615,56,2,297.6
1516,616,20,3,197.7
1517,617,69,2,38.75
1518,617,57,3,355.1
1519,618,15,1,318.51
1520,618,18,2,172.53
1521,619,16,2,176.86
1522,619,64,3,406.2
1523,619,42,2,68.19
1524,620,20,2,206.05
1525,620,31,1,278.03
1526,621,37,2,251.52
1527,621,55,1,431.64
1528,621,66,1,259.24
1529,622,14,3,61.51
1530,622,79,1,93.15
1531,622,76,3,334.18
1532,622,30,1,169.47
1533,623,12,1,121.84
1534,623,68,2,551.32
1535,624,7,2,524.2
1536,624,47,2,234.75
1537,624,54,1,576.13
1538,624,7,1,517.93
1539,625,56,1,300.37
1540,626,71,1,44.09
1541,627,75,2,135.52
1542,627,14,1,60.54
1543,628,25,3,64.46
1544,628,13,1,168.23
1545,629,6,1,273.88
1546,629,71,3,43.51
1547,630,9,2,409.19
1548,630,65,1,244.19
1549,630,36,3,492.54
1550,630,38,1,547.11
1551,631,22,2,164.78
1552,632,1,1,352.96
1553,632,76,3,301.0
1554,633,29,2,486.76
1555,633,71,1,42.92
1556,633,6,3,276.06
1557,634,32,1,156.4
1558,635,71,2,46.97
1559,636,46,1,90.55
1560,637,49,3,173.2
1561,638,20,2,197.09
1562,638,56,2,295.1
1563,638,62,1,75.26
1564,638,59,1,534.9
1565,639,3,2,42.74
1566,639,23,2,128.39
1567,639,25,1,61.28
1568,640,68,1,553.62
1569,641,6,1,276.53
1570,642,14,3,61.56
1571,643,21,2,34.69
1572,643,20,1,191.21
1573,643,35,3,57.83
1574,643,3,1,42.3
1575,644,29,1,449.99
1576,645,15,2,312.34
1577,645,15,1,308.71
1578,645,37,2,251.24
1579,645,43,1,261.43
1580,646,77,1,297.7
1581,646,20,3,212.31
1582,646,80,2,340.62
1583,647,1,1,364.61
1584,648,9,1,419.87
1585,648,36,1,427.42
1586,648,17,1,385.58
1587,648,46,2,87.2
1588,649,50,2,263.08
1589,649,69,3,41.33
1590,650,12,1,121.46
1591,650,27,1,352.58
1592,651,38,2,480.05
1593,651,71,2,43.44
1594,652,49,3,166.44
1595,652,55,2,392.93
1596,653,4,1,363.95
1597,653,11,1,345.05
1598,654,68,3,572.84
1599,654,61,2,470.55
1600,655,78,1,430.35
1601,656,74,3,198.04
1602,656,30,2,192.83
1603,656,35,1,57.62
1604,657,72,3,347.31
1605,657,60,2,80.44
1606,658,25,2,60.91
1607,658,10,2,443.95
1608,658,43,1,256.18
1609,658,21,3,33.39
1610,659,31,2,252.04
1611,660,7,2,522.67
1612,661,41,2,184.73
1613,661,17,3,380.02
1614,662,4,3,389.95
1615,662,62,3,79.82
1616,663,30,1,189.2
1617,664,58,1,157.41
1618,664,47,3,231.65
1619,664,56,1,332.77
1620,665,73,3,667.78
1621,665,13,1,147.88
1622,666,38,1,473.78
1623,666,74,2,199.61
1624,667,57,3,359.73
1625,667,16,3,176.84
1626,667,47,2,215.49
1627,668,48,1,561.09
1628,668,65,2,248.2
1629,668,6,3,310.61
1630,669,49,1,182.34
1631,669,10,1,428.73
1632,669,60,3,77.49
1633,670,11,1,384.39
1634,671,78,2,410.08
1635,671,61,1,437.83
1636,671,5,3,317.81
1637,672,8,2,269.86
1638,672,61,1,421.32
1639,672,3,3,44.65
1640,672,33,3,221.65
1641,673,54,3,565.96
1642,673,34,1,507.89
1643,673,12,2,121.06
1644,673,39,1,46.08
1645,674,46,3,88.28
1646,674,2,3,170.05
1647,674,77,1,269.48
1648,674,75,3,136.87
1649,675,41,1,186.65
1650,675,53,2,63.83
1651,675,1,2,373.97
1652,675,17,3,366.51
1653,676,70,1,399.69
1654,676,28,2,48.7
1655,676,25,3,65.85
1656,676,2,2,170.86
1657,677,59,2,501.47
1658,677,46,3,86.23
1659,677,43,1,285.98
1660,677,59,2,498.39
1661,678,37,3,275.04
1662,678,13,1,164.77
1663,678,14,1,60.73
1664,678,79,2,91.8
1665,679,38,2,485.65
1666,680,45,2,328.68
1667,681,34,2,508.51
1668,681,54,3,568.6
1669,681,54,1,546.85
1670,682,22,3,171.0
1671,682,31,3,290.97
1672,682,25,3,66.56
1673,683,52,2,182.15
1674,683,56,1,292.63
1675,684,71,1,48.63
1676,684,27,1,336.84
1677,684,56,1,319.49
1678,685,74,2,188.73
1679,686,29,2,447.48
1680,686,32,3,162.59
1681,687,75,1,136.08
1682,688,10,2,461.05
1683,689,63,3,31.72
1684,690,24,2,90.6
1685,690,23,3,125.97
1686,691,21,3,37.07
1687,692,28,2,47.91
1688,692,28,1,49.68
1689,693,45,3,336.17
1690,694,33,1,222.47
1691,694,36,2,428.35
1692,695,55,3,440.53
1693,695,41,3,166.87
1694,695,50,2,248.28
1695,695,46,2,92.91
1696,696,76,2,316.1
1697,696,68,2,525.18
1698,696,15,1,346.56
1699,697,48,1,569.69
1700,697,16,1,171.96
1701,697,2,3,158.08
1702,698,37,3,257.18
1703,698,28,1,51.61
1704,698,78,3,400.47
1705,698,54,3,618.13
1706,699,6,2,284.61
1707,699,16,2,167.73
1708,699,42,3,66.88
1709,699,74,1,197.34
1710,700,5,3,359.42
1711,700,6,2,295.06
1712,700,9,2,387.42
1713,700,54,3,574.32
1714,701,79,1,96.41
1715,701,59,2,537.63
1716,701,16,2,189.75
1717,701,14,1,56.64
1718,702,29,1,439.4
1719,702,48,3,588.26
1720,702,7,2,594.37
1721,702,6,1,267.16
1722,703,35,3,54.35
1723,703,18,3,173.66
1724,703,17,2,391.23
1725,703,75,2,148.47
1726,704,36,2,478.07
1727,704,62,1,70.33
1728,704,38,3,474.99
1729,704,72,1,337.59
1730,705,28,2,53.75
1731,706,40,3,291.56
1732,706,20,3,192.88
1733,706,17,1,394.52
1734,707,9,2,409.47
1735,707,40,3,300.82
1736,708,24,2,90.9
1737,708,68,2,521.16
1738,708,16,3,165.22
1739,708,56,1,295.22
1740,709,13,1,160.77
1741,709,55,1,409.41
1742,709,52,1,184.41
1743,710,15,1,309.43
1744,710,5,3,323.84
1745,711,51,2,182.71
1746,711,35,2,54.68
1747,711,27,2,368.64
1748,711,77,2,300.26
1749,712,31,1,262.12
1750,712,9,1,393.62
1751,712,59,1,547.0
1752,713,22,3,165.02
1753,714,61,1,420.66
1754,714,3,3,46.53
1755,715,13,2,164.72
1756,716,63,2,33.31
1757,716,2,2,157.34
1758,716,43,3,279.39
1759,717,19,2,199.37
1760,718,47,1,227.69
1761,718,25,2,66.5
1762,718,36,3,471.1
1763,718,58,3,153.11
1764,719,40,1,271.89
1765,719,67,3,484.87
1766,719,79,1,97.05
1767,720,19,2,194.01
1768,720,67,2,507.5
1769,720,21,2,35.59
1770,720,9,2,382.07
1771,721,40,1,290.43
1772,721,1,1,334.83
1773,721,45,2,348.81
1774,721,65,3,277.32
1775,722,56,3,334.17
1776,722,38,1,470.8
1777,723,34,2,489.64
1778,724,26,2,29.28
1779,724,71,1,43.87
1780,725,49,2,168.48
1781,725,68,2,550.79
1782,726,60,1,88.5
1783,726,4,2,347.25
1784,726,18,3,186.3
1785,726,32,3,155.84
1786,727,17,2,379.74
1787,727,60,3,82.42
1788,727,7,1,519.18
1789,727,14,2,60.2
1790,728,75,3,145.5
1791,729,18,1,185.97
1792,729,20,2,210.34
1793,729,1,2,355.89
1794,729,26,1,28.93
1795,730,4,3,368.69
1796,730,8,1,249.4
1797,730,62,1,79.22
1798,730,70,2,413.77
1799,731,31,1,270.72
1800,731,70,1,391.73
1801,732,51,2,201.6
1802,732,14,2,58.49
1803,732,55,1,391.14
1804,733,80,2,323.31
1805,734,21,2,35.67
1806,735,23,3,117.56
1807,736,39,2,45.06
1808,736,62,2,80.96
1809,736,78,3,407.83
1810,737,75,3,153.01
1811,737,9,1,383.01
1812,737,21,1,33.33
1813,738,14,1,61.49
1814,738,50,2,278.86
1815,739,48,3,556.59
1816,739,4,1,361.29
1817,739,58,2,152.01
1818,739,74,3,194.52
1819,740,56,3,328.61
1820,740,25,1,65.9
1821,741,53,3,64.09
1822,741,10,2,414.36
1823,741,68,2,507.15
1824,742,9,2,409.77
1825,742,49,1,182.31
1826,743,77,3,281.35
1827,744,37,1,271.28
1828,744,31,3,289.14
1829,745,75,2,155.53
1830,746,8,1,245.4
1831,746,43,3,285.37
1832,746,8,1,257.49
1833,747,71,2,48.62
1834,748,56,2,302.97
1835,748,30,1,192.82
1836,748,4,1,374.14
1837,749,17,2,381.61
1838,749,71,1,42.51
1839,749,16,3,191.04
1840,749,48,2,517.92
1841,750,53,3,66.22
1842,750,69,3,38.33
1843,751,37,1,261.64
1844,751,78,3,457.36
1845,752,10,2,467.69
1846,753,39,2,50.65
1847,753,38,3,488.32
1848,753,35,2,59.27
1849,753,65,1,239.46
1850,754,40,3,296.28
1851,754,16,2,183.64
1852,755,15,1,329.96
1853,755,5,2,324.48
1854,755,50,2,274.84
1855,755,11,1,357.19
1856,756,29,1,461.65
1857,757,4,3,387.44
1858,757,44,2,542.78
1859,757,76,1,340.7
1860,758,14,3,58.22
1861,759,21,2,35.48
1862,759,31,1,288.09
1863,759,36,3,491.31
1864,760,79,2,95.91
1865,761,23,2,123.85
1866,761,57,1,334.75
1867,761,46,2,89.23
1868,762,79,3,95.15
1869,762,9,2,393.11
1870,762,36,2,485.23
1871,763,30,1,184.74
1872,764,8,3,278.32
1873,764,33,1,240.7
1874,765,65,2,241.94
1875,766,10,3,431.44
1876,766,37,1,248.98
1877,766,78,2,418.62
1878,766,53,3,62.32
1879,767,76,1,306.17
1880,767,28,2,51.2
1881,768,20,2,214.83
1882,769,69,3,38.83
1883,769,68,1,543.26
1884,769,68,3,528.88
1885,769,35,1,60.55
1886,770,30,2,174.81
1887,770,15,3,316.16
1888,770,53,2,59.28
1889,771,58,2,154.54
1890,771,17,3,354.26
1891,772,41,1,166.12
1892,772,54,3,639.98
1893,772,74,2,208.87
1894,773,71,3,48.5
1895,773,13,1,166.39
1896,773,56,1,322.59
1897,774,46,1,85.9
1898,774,72,1,340.39
1899,774,16,2,188.59
1900,774,44,3,525.89
1901,775,53,3,63.09
1902,775,56,2,326.02
1903,775,18,3,165.8
1904,775,76,3,304.98
1905,776,66,3,274.08
1906,776,13,1,151.82
1907,777,37,2,264.7
1908,777,23,1,115.35
1909,777,27,2,361.75
1910,777,74,3,198.32
1911,778,29,1,454.71
1912,778,34,3,501.87
1913,778,30,3,173.75
1914,778,13,1,158.31
1915,779,1,2,367.7
1916,779,4,2,354.17
1917,780,15,3,341.06
1918,780,16,2,188.35
1919,780,64,2,366.26
1920,781,10,2,412.34
1921,781,43,2,265.46
1922,782,67,2,472.53
1923,783,29,3,447.63
1924,783,61,1,453.02
1925,783,24,3,98.37
1926,783,17,1,377.62
1927,784,23,1,122.95
1928,784,34,3,472.7
1929,785,39,1,51.4
1930,785,63,2,35.7
1931,786,37,2,290.31
1932,787,15,2,340.56
1933,787,17,2,389.93
1934,787,63,3,33.57
1935,788,8,3,269.12
1936,788,34,3,467.8
1937,788,51,2,192.97
1938,788,34,1,463.94
1939,789,29,3,499.54
1940,789,69,1,43.25
1941,789,15,3,335.95
1942,789,17,3,371.93
1943,790,71,1,46.47
1944,790,67,1,486.39
1945,790,26,1,32.82
1946,791,53,1,64.16
1947,791,32,1,143.83
1948,791,3,3,42.3
1949,792,32,1,149.79
1950,792,16,2,181.64
1951,793,3,1,46.99
1952,793,70,3,419.97
1953,793,13,3,159.23
1954,793,51,1,205.84
1955,794,59,1,475.83
1956,794,74,2,200.38
1957,794,55,1,404.48
1958,795,49,1,194.71
1959,795,51,2,203.66
1960,796,58,2,161.02
1961,796,14,3,57.47
1962,797,76,1,304.98
1963,797,52,3,191.6
1964,797,67,3,524.91
1965,797,30,1,188.03
1966,798,42,3,68.89
1967,799,70,2,381.33
1968,799,31,2,268.53
1969,799,62,3,75.98
1970,799,11,1,366.0
1971,800,22,1,156.74
1972,801,18,3,185.38
1973,801,54,2,546.24
1974,801,16,2,191.42
1975,801,35,3,55.77
1976,802,79,3,96.06
1977,802,78,2,428.18
1978,803,2,2,160.38
1979,803,20,2,191.59
1980,803,1,2,360.29
1981,803,26,3,29.07
1982,804,9,2,423.81
1983,804,29,2,480.7
1984,805,48,3,568.59
1985,805,33,3,235.49
1986,805,26,1,31.58
1987,806,67,3,509.2
1988,806,50,2,264.19
1989,807,12,3,117.12
1990,807,22,2,167.96
1991,808,61,2,439.62
1992,808,16,1,178.9
1993,808,49,2,186.32
1994,808,46,2,92.08
1995,809,36,3,431.32
1996,809,56,3,309.98
1997,810,4,2,393.52
1998,810,45,3,329.28
1999,811,26,2,30.42
2000,812,33,3,249.92
2001,812,78,2,397.59
2002,812,36,3,456.25
2003,813,61,3,463.9
2004,814,5,2,310.88
2005,815,8,2,263.51
2006,816,79,3,90.42
2007,816,41,3,168.65
2008,817,9,1,436.5
2009,818,78,1,443.29
2010,818,53,1,65.01
2011,818,1,2,336.09
2012,819,73,2,576.93
2013,820,22,1,151.09
2014,821,25,3,67.73
2015,821,17,2,342.78
2016,821,37,1,260.11
2017,822,23,2,119.74
2018,822,57,2,314.33
2019,823,22,1,169.89
2020,823,75,2,137.13
2021,823,73,1,667.71
2022,823,56,2,320.36
2023,824,12,3,129.75
2024,824,34,1,479.53
2025,824,5,1,337.53
2026,825,76,1,317.63
2027,825,14,3,57.94
2028,825,2,1,160.52
2029,825,43,2,273.9
2030,826,3,2,47.48
2031,826,59,3,515.13
2032,827,77,2,288.47
2033,827,52,2,168.1
2034,827,30,3,168.76
2035,828,39,3,52.11
2036,828,68,1,573.08
2037,829,12,2,130.15
2038,830,26,1,30.11
2039,830,11,1,354.61
2040,831,1,2,329.62
2041,831,13,2,158.25
2042,831,51,3,186.23
2043,832,50,1,253.3
2044,833,77,2,290.88
2045,833,45,2,342.57
2046,833,76,1,312.29
2047,833,78,1,448.81
2048,834,10,3,417.53
2049,834,64,1,363.55
2050,834,39,2,45.25
2051,834,50,3,247.44
2052,835,34,2,457.0
2053,836,52,1,171.65
2054,837,52,2,189.64
2055,837,39,2,46.56
2056,837,15,3,346.46
2057,837,58,3,158.29
2058,838,55,3,441.39
2059,838,11,1,340.84
2060,839,56,1,311.16
2061,839,6,1,305.49
2062,839,59,2,471.73
2063,839,77,3,283.15
2064,840,23,2,121.71
2065,840,3,2,43.93
2066,840,5,3,315.4
2067,841,17,3,348.25
2068,842,68,3,530.38
2069,842,10,2,427.64
2070,843,39,2,47.67
2071,843,24,3,94.54
2072,843,11,2,398.41
2073,844,7,2,566.24
2074,844,28,2,49.24
2075,845,37,2,248.12
2076,845,27,1,377.12
2077,846,13,1,149.98
2078,846,42,1,63.35
2079,846,37,3,279.05
2080,847,72,1,320.7
2081,847,41,2,187.53
2082,847,20,2,217.89
2083,847,64,1,394.61
2084,848,63,3,36.74
2085,849,58,3,160.77
2086,849,20,3,208.89
2087,849,80,2,352.88
2088,850,49,3,169.52
2089,850,78,1,402.01
2090,851,52,3,178.95
2091,851,28,2,54.43
2092,852,65,3,259.49
2093,852,29,2,470.47
2094,852,60,2,87.34
2095,853,60,3,78.55
2096,853,13,2,159.02
2097,853,54,2,584.84
2098,854,77,3,300.17
2099,855,12,2,114.63
2100,855,77,3,284.09
2101,855,66,1,285.57
2102,855,21,2,34.91
2103,856,17,2,343.47
2104,856,4,1,376.76
2105,856,59,1,524.02
2106,857,78,2,456.08
2107,858,53,3,68.72
2108,859,78,3,464.25
2109,860,6,2,283.59
2110,860,66,3,276.78
2111,860,55,1,396.33
2112,860,34,3,501.88
2113,861,62,1,72.44
2114,861,43,3,275.88
2115,862,43,2,276.14
2116,862,73,2,627.68
2117,862,18,1,175.39
2118,862,4,1,395.02
2119,863,61,3,449.73
2120,863,38,1,529.59
2121,863,17,1,375.99
2122,864,19,3,173.56
2123,864,47,3,219.32
2124,864,67,2,495.65
2125,865,67,2,487.67
2126,865,63,3,32.23
2127,865,68,2,505.88
2128,866,20,2,209.68
2129,866,16,3,168.47
2130,867,26,2,31.95
2131,867,52,3,169.83
2132,868,8,2,260.55
2133,869,30,3,186.57
2134,869,23,1,134.29
2135,870,17,3,357.73
2136,871,13,3,166.7
2137,871,7,2,585.91
2138,871,10,1,435.11
2139,871,57,1,335.27
2140,872,75,2,153.75
2141,873,1,2,363.29
2142,873,77,2,288.94
2143,873,23,2,124.75
2144,873,66,2,290.0
2145,874,57,1,362.63
2146,874,24,2,90.54
2147,874,66,2,270.04
2148,875,44,3,532.45
2149,875,24,1,102.87
2150,875,30,1,174.58
2151,875,40,2,306.44
2152,876,42,1,64.77
2153,876,51,1,206.5
2154,877,35,1,61.45
2155,877,61,2,444.64
2156,877,40,2,304.55
2157,877,41,2,172.66
2158,878,53,2,65.12
2159,879,33,2,246.55
2160,879,4,2,367.71
2161,880,80,3,345.81
2162,880,36,1,426.23
2163,881,50,3,280.45
2164,882,13,1,160.54
2165,883,18,3,162.7
2166,883,53,1,67.47
2167,883,76,2,330.98
2168,883,72,1,325.78
2169,884,3,1,47.21
2170,884,9,3,428.86
2171,884,41,2,189.92
2172,885,43,1,275.19
2173,885,34,2,490.15
2174,885,3,1,42.42
2175,886,66,2,249.02
2176,887,37,3,262.5
2177,887,9,3,386.1
2178,887,12,3,129.9
2179,887,69,1,43.38
2180,888,56,2,311.21
2181,889,68,3,554.72
2182,889,56,1,307.95
2183,889,38,1,519.67
2184,889,50,1,240.19
2185,890,69,2,42.41
2186,890,26,3,33.26
2187,890,74,1,194.15
2188,891,17,3,360.47
2189,892,39,1,47.86
2190,892,35,1,61.49
2191,893,16,2,163.54
2192,893,27,2,334.27
2193,893,57,2,320.13
2194,893,49,3,189.49
2195,894,21,1,33.47
2196,895,65,2,257.21
2197,896,52,1,177.36
2198,896,40,1,290.62
2199,896,39,1,52.38
2200,896,11,3,379.09
2201,897,6,1,304.54
2202,897,23,3,114.69
2203,897,67,1,468.49
2204,898,48,3,537.47
2205,898,21,2,33.77
2206,898,67,1,517.03
2207,899,40,2,299.72
2208,899,34,3,468.07
2209,900,53,1,64.02
2210,900,77,3,290.47
2211,901,9,1,446.16
2212,901,60,2,87.74
2213,901,69,2,38.92
2214,901,78,3,395.3
2215,902,79,3,101.55
2216,902,62,2,78.35
2217,902,74,1,192.06
2218,903,52,2,193.04
2219,904,43,3,288.04
2220,904,76,3,327.95
2221,904,35,1,55.82
2222,905,7,1,603.1
2223,905,2,1,166.14
2224,905,31,1,265.7
2225,905,2,3,162.08
2226,906,58,1,160.4
2227,906,34,3,477.35
2228,906,36,3,477.76
2229,906,44,2,558.4
2230,907,13,3,166.05
2231,907,67,2,462.26
2232,907,47,2,224.07
2233,907,70,1,367.4
2234,908,40,2,290.71
2235,908,11,3,351.4
2236,908,66,1,254.52
2237,909,73,3,620.73
2238,909,69,2,41.64
2239,910,20,3,220.83
2240,910,79,2,103.81
2241,911,61,2,441.04
2242,911,39,1,45.11
2243,911,72,3,319.02
2244,911,79,3,105.41
2245,912,51,1,199.97
2246,912,51,3,185.63
2247,913,16,3,184.06
2248,913,20,1,204.16
2249,913,36,2,421.51
2250,913,16,3,171.75
2251,914,70,3,400.27
2252,915,49,2,168.97
2253,916,38,1,511.34
2254,916,12,3,126.33
2255,916,77,2,277.15
2256,916,64,3,422.05
2257,917,33,3,234.23
2258,917,54,3,625.84
2259,917,46,1,80.39
2260,918,14,3,59.18
2261,918,78,3,421.46
2262,918,67,3,488.04
2263,919,47,3,225.14
2264,919,78,2,452.12
2265,920,52,3,188.84
2266,921,13,2,167.69
2267,921,4,3,369.46
2268,921,33,2,246.01
2269,922,59,3,549.38
2270,922,34,1,459.34
2271,922,71,3,44.02
2272,923,46,3,87.82
2273,923,30,2,189.82
2274,923,13,3,146.56
2275,924,26,2,32.91
2276,924,63,2,33.16
2277,924,57,2,350.49
2278,924,22,2,145.91
2279,925,72,3,311.89
2280,925,80,3,325.19
2281,925,12,1,128.51
2282,926,18,2,163.54
2283,926,38,3,515.24
2284,926,11,2,400.47
2285,926,57,1,322.71
2286,927,32,1,154.03
2287,927,28,1,47.07
2288,928,53,1,67.2
2289,928,75,2,148.24
2290,929,47,1,212.62
2291,929,46,1,93.77
2292,929,18,2,184.97
2293,930,69,2,38.72
2294,930,78,1,445.48
2295,930,71,1,45.08
2296,930,74,1,203.15
2297,931,3,3,44.84
2298,931,8,2,256.78
2299,932,4,3,377.98
2300,932,56,3,326.36
2301,932,18,2,166.7
2302,933,73,3,662.95
2303,933,19,3,203.15
2304,934,10,3,405.75
2305,935,24,1,100.8
2306,935,64,3,368.34
2307,936,53,2,65.64
2308,936,18,2,165.79
2309,936,40,2,278.39
2310,936,56,2,312.93
2311,937,44,2,537.88
2312,938,48,1,515.7
2313,939,9,1,393.69
2314,939,80,2,331.19
2315,939,28,2,47.77
2316,940,65,1,271.29
2317,940,57,1,343.24
2318,941,76,3,309.41
2319,941,13,2,149.17
2320,942,58,1,166.05
2321,942,9,2,397.58
2322,942,19,1,202.55
2323,942,63,1,35.68
2324,943,67,1,510.7
2325,944,70,3,374.18
2326,944,42,1,67.6
2327,944,26,2,33.36
2328,944,55,2,419.1
2329,945,79,2,95.02
2330,945,37,3,278.48
2331,945,68,1,506.97
2332,945,12,2,132.15
2333,946,7,2,549.14
2334,947,66,3,285.52
2335,947,66,2,278.16
2336,947,6,1,269.53
2337,947,24,1,101.81
2338,948,6,2,274.55
2339,949,23,2,131.21
2340,949,48,2,504.76
2341,949,19,3,180.72
2342,950,27,3,374.47
2343,950,35,2,59.2
2344,950,54,2,581.65
2345,951,6,3,300.78
2346,951,17,3,380.9
2347,951,10,3,409.34
2348,951,21,2,33.16
2349,952,37,3,260.43
2350,952,73,2,578.97
2351,952,16,2,186.45
2352,952,26,1,31.39
2353,953,14,1,56.68
2354,953,50,1,243.37
2355,953,9,1,410.33
2356,953,48,2,566.06
2357,954,41,1,180.2
2358,954,20,2,218.06
2359,955,51,2,184.35
2360,956,57,1,356.85
2361,956,9,1,421.48
2362,956,37,3,254.95
2363,957,80,3,330.51
2364,958,1,2,320.8
2365,958,8,2,268.99
2366,959,61,3,464.82
2367,960,79,2,95.64
2368,960,59,2,543.47
2369,960,20,2,207.27
2370,960,47,1,206.38
2371,961,56,2,294.88
2372,962,46,1,93.54
2373,962,54,2,589.68
2374,963,18,3,175.62
2375,963,32,1,160.89
2376,963,73,1,663.13
2377,963,80,2,371.88
2378,964,61,1,457.31
2379,964,58,2,172.23
2380,965,50,3,258.1
2381,965,57,1,347.17
2382,966,52,3,189.94
2383,966,26,1,30.67
2384,967,13,1,146.44
2385,968,26,3,29.35
2386,968,28,2,53.93
2387,968,47,3,233.55
2388,969,13,3,148.32
2389,969,20,1,203.22
2390,969,69,3,40.77
2391,970,15,3,353.86
2392,970,57,1,350.53
2393,971,76,3,352.92
2394,972,63,3,34.43
2395,973,51,1,183.02
2396,973,26,3,30.21
2397,973,11,2,376.64
2398,974,47,2,208.07
2399,974,36,3,487.84
2400,975,40,2,291.32
2401,975,56,2,289.63
2402,976,74,1,197.93
2403,977,49,2,176.4
2404,977,66,2,266.15
2405,977,44,1,553.9
2406,978,11,3,395.29
2407,978,66,1,249.32
2408,978,17,1,354.14
2409,978,23,2,115.82
2410,979,44,3,480.78
2411,980,79,1,91.04
2412,981,1,2,365.39
2413,982,61,1,469.49
2414,982,64,3,405.69
2415,983,65,1,240.53
2416,983,26,2,29.32
2417,984,25,1,68.71
2418,985,65,3,249.15
2419,985,55,2,445.84
2420,985,31,3,248.62
2421,985,33,2,243.58
2422,986,80,2,325.42
2423,987,78,3,462.16
2424,987,73,2,640.99
2425,987,41,2,174.11
2426,988,30,3,170.59
2427,988,46,2,86.79
2428,989,20,1,214.0
2429,989,50,2,280.02
2430,989,18,2,171.41
2431,989,20,2,201.57
2432,990,3,2,45.01
2433,991,71,2,43.33
2434,991,63,3,35.29
2435,991,56,2,335.65
2436,992,62,3,72.74
2437,992,31,3,289.65
2438,992,28,2,51.03
2439,993,79,1,99.68
2440,993,68,2,520.22
2441,993,48,3,577.17
2442,993,48,3,586.57
2443,994,30,2,184.13
2444,994,61,2,458.21
2445,994,74,2,211.05
2446,995,32,2,157.13
2447,995,3,2,45.29
2448,996,60,3,88.34
2449,996,35,1,56.95
2450,996,25,2,67.27
2451,996,47,1,218.08
2452,997,35,2,57.28
2453,997,41,3,189.28
2454,998,25,3,68.19
2455,999,39,2,46.13
2456,1000,48,2,569.37
2457,1001,41,1,190.84
2458,1001,59,2,483.92
2459,1001,78,2,415.11
2460,1001,76,1,317.65
2461,1002,19,2,198.62
2462,1002,49,3,166.42
2463,1002,56,3,304.01
2464,1003,42,3,71.01
2465,1003,6,3,267.53
2466,1003,17,2,343.41
2467,1004,12,2,133.76
2468,1004,44,1,509.46
2469,1005,20,3,216.84
2470,1005,27,2,340.69
2471,1005,34,1,461.67
2472,1005,72,1,305.2
2473,1006,18,3,169.65
2474,1006,50,3,268.19
2475,1007,71,1,41.95
2476,1007,76,1,311.61
2477,1007,75,2,133.64
2478,1007,11,3,393.39
2479,1008,35,3,56.25
2480,1008,50,1,275.16
2481,1008,78,2,418.58
2482,1009,58,3,173.88
2483,1010,27,1,375.82
2484,1011,30,3,191.62
2485,1012,43,1,267.46
2486,1012,50,3,253.68
2487,1013,10,3,408.84
2488,1013,1,1,355.64
2489,1014,13,1,153.62
2490,1014,25,2,67.59
2491,1015,16,2,166.88
2492,1016,61,1,418.39
2493,1017,35,1,59.31
2494,1017,62,1,78.14
2495,1017,20,1,191.52
2496,1018,23,1,126.16
2497,1018,6,3,267.87
2498,1018,36,3,441.61
2499,1018,62,1,79.0
2500,1019,6,3,303.97
2501,1020,37,2,251.77
2502,1021,71,3,42.73
2503,1021,45,2,315.76
2504,1021,52,2,180.68
2505,1022,70,2,384.35
2506,1022,56,1,318.13
2507,1022,18,2,186.81
2508,1022,60,2,86.37
2509,1023,77,2,291.17
2510,1023,21,3,33.58
2511,1024,67,1,503.6
2512,1025,63,1,33.09
2513,1025,48,3,583.61
2514,1025,67,3,523.28
2515,1026,29,3,481.85
2516,1027,64,1,419.03
2517,1028,25,1,59.93
2518,1029,9,2,411.45
2519,1030,44,2,506.3
2520,1030,39,2,49.39
2521,1030,62,3,76.72
2522,1031,61,2,472.78
2523,1031,13,2,161.78
2524,1031,80,2,374.64
2525,1032,61,2,457.38
2526,1033,31,3,291.43
2527,1033,5,2,326.22
2528,1033,58,1,164.61
2529,1034,65,2,240.09
2530,1035,33,3,219.43
2531,1036,6,2,293.02
2532,1036,55,1,436.39
2533,1037,49,1,174.51
2534,1037,29,2,498.78
2535,1038,13,1,147.8
2536,1039,3,3,45.4
2537,1039,48,3,548.83
2538,1039,54,2,548.58
2539,1039,56,3,323.2
2540,1040,61,2,454.68
2541,1040,32,1,145.97
2542,1040,21,1,36.08
2543,1041,24,3,97.04
2544,1042,2,2,150.99
2545,1042,2,1,163.23
2546,1042,35,3,57.71
2547,1042,39,1,47.03
2548,1043,28,1,48.39
2549,1043,71,3,46.27
2550,1043,10,1,448.48
2551,1043,66,1,286.05
2552,1044,32,3,161.92
2553,1044,47,1,230.66
2554,1045,4,1,382.44
2555,1045,48,2,540.56
2556,1045,29,3,501.98
2557,1045,62,3,80.8
2558,1046,77,3,279.32
2559,1046,10,2,443.71
2560,1047,6,2,277.89
2561,1047,36,2,468.98
2562,1048,66,2,265.23
2563,1048,76,3,330.24
2564,1048,78,3,441.36
2565,1048,74,1,203.45
2566,1049,33,3,225.14
2567,1050,31,3,256.69
2568,1050,40,1,309.27
2569,1050,67,3,490.37
2570,1051,38,1,524.91
2571,1051,47,3,220.53
2572,1052,32,1,158.0
2573,1052,44,1,549.23
2574,1052,64,2,376.37
2575,1053,78,1,412.86
2576,1053,49,3,194.44
2577,1053,1,1,331.29
2578,1054,66,3,266.74
2579,1054,35,1,61.91
2580,1054,63,3,31.89
2581,1055,7,1,591.09
2582,1055,36,1,461.43
2583,1055,35,1,60.07
2584,1056,15,2,355.54
2585,1057,71,2,47.84
2586,1057,20,1,207.85
2587,1057,41,1,168.73
2588,1058,74,3,208.26
2589,1059,31,2,275.02
2590,1059,23,1,120.15
2591,1060,58,1,154.61
2592,1060,11,2,383.22
2593,1060,57,1,349.63
2594,1060,50,3,271.6
2595,1061,68,2,518.58
2596,1061,64,3,399.92
2597,1061,57,3,320.5
2598,1061,19,3,175.56
2599,1062,36,1,473.79
2600,1062,30,2,183.15
2601,1062,61,1,467.89
2602,1062,73,1,632.8
2603,1063,3,2,44.75
2604,1063,58,2,150.87
2605,1063,33,2,223.64
2606,1063,47,2,218.25
2607,1064,5,2,329.21
2608,1064,30,1,186.27
2609,1065,68,2,529.92
2610,1066,53,2,60.17
2611,1066,9,1,439.64
2612,1067,37,3,268.47
2613,1067,55,1,405.44
2614,1068,69,1,43.25
2615,1068,71,2,46.98
2616,1069,35,3,60.34
2617,1069,65,3,274.66
2618,1070,31,3,284.87
2619,1070,74,2,203.22
2620,1071,9,2,390.16
2621,1072,71,3,47.0
2622,1072,68,2,574.0
2623,1072,67,2,520.62
2624,1072,74,3,215.67
2625,1073,17,1,351.98
2626,1073,77,2,305.33
2627,1073,15,3,351.65
2628,1073,49,2,174.43
2629,1074,19,2,199.64
2630,1074,18,3,183.09
2631,1074,51,1,184.01
2632,1074,30,2,173.0
2633,1075,54,1,568.97
2634,1075,19,3,201.4
2635,1076,10,3,422.06
2636,1076,66,3,269.22
2637,1076,62,1,73.51
2638,1076,25,2,69.49
2639,1077,8,1,258.16
2640,1077,67,2,459.12
2641,1077,52,2,190.44
2642,1078,57,2,332.95
2643,1079,20,2,200.38
2644,1080,79,2,94.54
2645,1081,54,3,563.99
2646,1081,20,2,207.63
2647,1082,34,3,480.7
2648,1083,15,1,339.09
2649,1083,44,3,535.88
2650,1083,48,2,585.26
2651,1083,34,3,486.63
2652,1084,77,1,276.44
2653,1084,3,2,45.09
2654,1084,43,3,258.83
2655,1085,19,3,180.03
2656,1086,53,3,62.58
2657,1086,73,2,598.07
2658,1086,32,1,158.63
2659,1087,54,2,639.51
2660,1087,43,2,250.92
2661,1088,52,2,191.94
2662,1088,37,1,274.61
2663,1089,13,1,146.35
2664,1090,7,1,556.98
2665,1090,5,1,325.21
2666,1091,43,1,247.48
2667,1091,75,1,156.74
2668,1091,79,1,103.22
2669,1092,76,2,333.17
2670,1092,68,1,562.72
2671,1092,37,1,250.74
2672,1093,78,1,443.31
2673,1093,5,2,355.82
2674,1093,21,3,35.51
2675,1093,58,2,173.46
2676,1094,40,3,285.49
2677,1094,31,2,254.83
2678,1095,14,2,55.7
2679,1095,10,2,455.79
2680,1096,71,3,45.98
2681,1097,45,1,309.0
2682,1097,33,2,222.04
2683,1098,58,1,169.9
2684,1098,55,3,410.84
2685,1098,73,3,586.53
2686,1099,19,1,200.22
2687,1099,31,3,274.77
2688,1099,36,1,474.22
2689,1100,44,1,483.64
2690,1100,65,1,246.04
2691,1100,43,3,274.36
2692,1101,56,3,328.18
2693,1101,59,3,516.37
2694,1102,76,3,351.72
2695,1102,9,2,436.8
2696,1102,54,2,633.32
2697,1102,78,3,411.36
2698,1103,30,3,192.04
2699,1104,58,1,158.93
2700,1104,56,1,336.22
2701,1105,77,3,268.23
2702,1105,75,1,146.05
2703,1105,71,2,47.39
2704,1106,2,3,160.73
2705,1106,43,3,256.45
2706,1107,22,3,153.01
2707,1107,33,2,221.11
2708,1107,55,1,439.3
2709,1108,10,1,463.07
2710,1109,23,1,129.96
2711,1109,44,1,516.82
2712,1109,69,2,41.45
2713,1110,50,1,262.91
2714,1110,33,3,215.66
2715,1111,62,3,73.5
2716,1111,44,2,541.3
2717,1112,25,3,66.49
2718,1112,76,3,337.52
2719,1113,26,1,28.78
2720,1113,25,1,65.78
2721,1113,3,3,48.4
2722,1114,18,1,177.45
2723,1115,16,3,186.1
2724,1115,41,1,172.78
2725,1115,55,2,391.89
2726,1116,49,1,173.88
2727,1116,53,1,68.51
2728,1116,47,1,218.95
2729,1117,12,1,132.94
2730,1117,78,3,454.65
2731,1118,16,1,179.37
2732,1118,75,1,138.92
2733,1118,36,2,483.18
2734,1119,71,3,43.85
2735,1119,52,1,176.1
2736,1119,54,1,608.67
2737,1120,14,2,54.89
2738,1121,11,2,350.54
2739,1121,73,3,654.98
2740,1122,53,1,65.48
2741,1122,35,3,60.17
2742,1123,25,3,62.85
2743,1123,18,2,188.2
2744,1123,53,3,61.42
2745,1123,32,3,164.51
2746,1124,52,3,172.55
2747,1125,32,1,160.85
2748,1126,28,2,54.91
2749,1126,74,1,209.51
2750,1127,19,3,193.0
2751,1127,16,2,172.15
2752,1128,19,1,185.09
2753,1128,25,3,68.81
2754,1129,1,2,346.83
2755,1129,8,1,268.14
2756,1129,68,2,508.34
2757,1130,61,3,422.14
2758,1131,62,2,72.5
2759,1131,62,1,74.56
2760,1131,18,1,182.73
2761,1132,15,2,341.86
2762,1132,67,2,512.83
2763,1133,31,2,259.36
2764,1134,64,3,360.95
2765,1134,3,2,47.18
2766,1135,14,3,57.43
2767,1135,55,2,437.02
2768,1136,13,2,156.27
2769,1136,26,1,30.23
2770,1136,44,2,514.38
2771,1137,10,1,441.26
2772,1138,69,3,38.51
2773,1138,71,2,46.94
2774,1138,29,3,449.06
2775,1138,48,1,504.04
2776,1139,27,1,351.32
2777,1139,31,3,253.52
2778,1139,33,3,235.33
2779,1139,31,1,269.17
2780,1140,63,1,35.69
2781,1141,1,2,360.0
2782,1141,46,2,88.08
2783,1141,22,1,164.48
2784,1142,6,3,273.31
2785,1142,27,1,339.15
2786,1143,27,2,368.06
2787,1144,61,2,417.89
2788,1144,48,1,547.91
2789,1145,54,1,587.18
2790,1145,22,2,163.83
2791,1146,58,1,170.24
2792,1146,77,3,296.81
2793,1146,28,2,50.48
2794,1147,26,2,30.09
2795,1148,7,1,581.09
2796,1148,69,1,41.78
2797,1149,17,1,394.0
2798,1149,66,3,272.13
2799,1150,34,2,468.93
2800,1151,18,1,180.4
2801,1151,12,3,117.15
2802,1152,59,1,523.82
2803,1152,44,1,477.65
2804,1152,2,1,169.85
2805,1153,11,3,351.86
2806,1154,20,2,199.8
2807,1155,11,3,389.25
2808,1155,77,3,292.87
2809,1156,23,2,124.64
2810,1156,6,2,282.66
2811,1157,1,3,335.39
2812,1158,68,1,525.77
2813,1158,73,1,591.73
2814,1158,20,2,206.44
2815,1159,6,3,298.31
2816,1159,61,1,447.29
2817,1159,31,2,274.69
2818,1159,79,3,97.47
2819,1160,17,1,343.22
2820,1160,7,1,592.73
2821,1161,34,3,500.29
2822,1162,49,3,188.01
2823,1162,68,3,496.24
2824,1163,80,3,337.61
2825,1163,22,3,160.18
2826,1163,40,2,284.11
2827,1163,3,1,48.0
2828,1164,11,2,392.9
2829,1164,50,2,279.84
2830,1164,50,1,254.84
2831,1165,44,3,532.13
2832,1165,38,1,547.39
2833,1165,3,3,42.17
2834,1166,29,3,441.0
2835,1167,43,3,287.98
2836,1167,60,3,87.42
2837,1167,8,3,265.63
2838,1168,27,1,343.61
2839,1168,46,1,91.93
2840,1169,14,1,55.39
2841,1169,77,2,290.51
2842,1170,26,2,29.69
2843,1171,10,1,466.25
2844,1172,71,3,48.01
2845,1172,2,1,173.44
2846,1172,27,1,389.71
2847,1172,4,3,348.35
2848,1173,32,3,152.43
2849,1174,54,1,630.26
2850,1175,10,2,443.99
2851,1176,29,1,463.0
2852,1176,62,2,79.44
2853,1176,76,1,340.66
2854,1177,78,3,430.53
2855,1177,10,1,433.2
2856,1178,38,1,511.08
2857,1179,31,2,289.31
2858,1179,55,2,455.58
2859,1179,6,3,297.35
2860,1180,25,1,65.25
2861,1181,50,1,268.81
2862,1182,33,2,228.46
2863,1182,56,3,315.5
2864,1183,72,3,350.55
2865,1183,80,1,376.61
2866,1183,34,2,501.57
2867,1183,6,1,276.24
2868,1184,39,1,48.27
2869,1184,71,3,48.23
2870,1184,18,2,161.91
2871,1185,58,3,166.71
2872,1185,78,1,430.64
2873,1185,73,3,639.02
2874,1186,33,3,245.59
2875,1186,52,3,187.71
2876,1186,80,3,344.72
2877,1186,80,3,366.65
2878,1187,12,3,120.13
2879,1187,69,2,41.91
2880,1187,73,1,582.82
2881,1187,73,1,597.6
2882,1188,23,1,116.69
2883,1188,29,2,492.28
2884,1189,80,3,322.19
2885,1189,72,2,310.67
2886,1189,16,2,184.75
2887,1189,4,3,368.58
2888,1190,42,3,69.97
2889,1190,47,3,209.92
2890,1191,1,2,374.92
2891,1191,16,1,188.73
2892,1191,73,3,611.61
2893,1192,56,3,301.07
2894,1192,71,2,45.87
2895,1193,72,2,345.55
2896,1194,16,2,187.04
2897,1194,35,2,57.81
2898,1194,31,3,283.2
2899,1195,22,2,164.82
2900,1196,9,1,388.87
2901,1196,50,3,248.38
2902,1196,11,3,352.04
2903,1196,79,2,103.25
2904,1197,11,2,378.26
2905,1197,10,3,424.0
2906,1197,59,2,531.44
2907,1198,7,3,547.64
2908,1198,36,2,421.96
2909,1199,58,1,167.55
2910,1200,63,3,34.75
