order_id,customer_id,created_at,status,shipping_country
1,123,2026-03-06 23:15:48,Complete,Chile
2,264,2026-08-12 08:48:31,Complete,Brasil
3,214,2025-07-11 03:07:01,Complete,Argentina
4,199,2026-01-18 09:14:06,Complete,Argentina
5,54,2026-08-19 12:06:23,Shipped,Portugal
6,235,2025-02-07 10:41:02,Shipped,Chile
7,279,2026-04-30 09:13:22,Processing,Chile
8,226,2026-01-31 12:20:38,Returned,Chile
9,53,2025-03-23 11:56:21,Complete,Brasil
10,30,2025-03-18 23:12:40,Complete,EUA
11,121,2026-01-11 13:11:07,Complete,Chile
12,188,2026-02-12 11:26:47,Complete,Chile
13,266,2026-02-01 20:26:59,Processing,EUA
14,164,2025-12-22 02:21:51,Complete,Brasil
15,122,2026-05-21 00:57:25,Complete,Brasil
16,163,2025-03-17 16:22:59,Complete,Argentina
17,29,2025-05-08 18:51:48,Shipped,Brasil
18,283,2025-10-09 04:33:26,Complete,Chile
19,298,2025-06-07 06:13:59,Complete,Brasil
20,293,2026-03-03 22:30:16,Complete,Brasil
21,248,2026-04-21 07:25:41,Complete,Argentina
22,137,2026-04-06 09:01:35,Shipped,Argentina
23,158,2026-05-25 00:50:37,Processing,Argentina
24,56,2026-03-18 04:52:35,Cancelled,Brasil
25,144,2025-05-02 04:41:04,Returned,Argentina
26,71,2025-12-08 17:14:54,Complete,Argentina
27,154,2025-12-11 18:28:14,Complete,Chile
28,297,2026-08-15 08:17:04,Complete,Argentina
29,125,2025-02-02 20:50:47,Returned,Argentina
30,212,2025-07-28 14:56:28,Complete,Chile
31,176,2026-07-14 12:53:57,Complete,Chile
32,107,2026-05-16 11:32:35,Complete,EUA
33,75,2025-10-25 01:31:53,Shipped,EUA
34,140,2025-05-21 03:58:36,Complete,Argentina
35,52,2026-02-28 12:01:32,Complete,Brasil
36,244,2026-05-04 23:41:07,Shipped,Portugal
37,20,2025-06-29 15:12:53,Cancelled,Argentina
38,149,2025-02-08 00:20:14,Shipped,EUA
39,99,2025-04-26 12:02:23,Shipped,EUA
40,208,2026-03-14 18:45:38,Complete,EUA
41,128,2025-01-07 09:29:41,Complete,Argentina
42,61,2026-04-22 11:10:13,Shipped,Chile
43,233,2026-01-18 15:08:25,Complete,Portugal
44,186,2025-03-21 20:32:26,Processing,Argentina
45,106,2026-08-21 17:47:51,Processing,Portugal
46,234,2026-08-01 02:06:07,Complete,Brasil
47,33,2026-07-09 02:11:37,Returned,Brasil
48,194,2026-01-20 02:55:18,Complete,EUA
49,115,2025-01-04 00:49:39,Returned,Chile
50,215,2025-01-17 08:45:44,Shipped,Chile
51,25,2025-09-08 01:36:38,Complete,Portugal
52,295,2025-11-23 21:01:30,Complete,EUA
53,90,2026-03-14 20:14:16,Complete,Brasil
54,74,2026-04-20 02:05:52,Complete,Portugal
55,231,2026-01-15 03:21:59,Complete,Chile
56,21,2025-03-16 06:51:02,Complete,Chile
57,8,2025-08-05 06:55:06,Returned,Brasil
58,184,2025-11-12 09:31:23,Complete,Brasil
59,134,2026-07-21 21:15:50,Complete,Argentina
60,173,2025-09-21 17:47:24,Returned,EUA
61,269,2025-02-04 02:42:22,Returned,Argentina
62,119,2025-03-11 05:29:55,Processing,Portugal
63,211,2025-01-13 00:36:32,Complete,Argentina
64,99,2026-06-24 09:11:24,Complete,EUA
65,17,2025-04-06 14:45:20,Complete,Portugal
66,256,2026-03-21 23:28:49,Complete,EUA
67,291,2026-05-02 09:52:12,Processing,Chile
68,204,2025-03-20 10:53:46,Shipped,Argentina
69,39,2025-12-15 22:02:00,Complete,Chile
70,152,2025-09-10 02:40:34,Processing,Argentina
71,228,2026-01-04 09:49:18,Processing,Argentina
72,7,2025-10-26 15:03:58,Complete,Portugal
73,155,2025-10-02 17:57:14,Shipped,Brasil
74,101,2026-04-14 03:53:41,Shipped,
75,161,2025-07-01 14:29:58,Returned,EUA
76,282,2025-01-28 16:48:25,Returned,Portugal
77,217,2026-01-22 02:41:34,Complete,Brasil
78,44,2025-04-22 09:02:16,Complete,Portugal
79,205,2025-12-06 15:40:20,Processing,Portugal
80,229,2026-01-19 14:14:26,Complete,Argentina
81,44,2025-04-29 05:09:29,Complete,Portugal
82,232,2025-11-23 02:26:44,Complete,Argentina
83,85,2025-09-07 18:47:12,Shipped,Argentina
84,220,2026-02-03 00:09:43,Complete,Portugal
85,275,2025-07-11 13:19:05,Complete,Argentina
86,181,2026-04-14 22:28:38,Shipped,Argentina
87,73,2026-06-08 14:08:36,Complete,Brasil
88,231,2025-02-24 13:04:19,Returned,Chile
89,213,2026-03-31 17:47:34,Shipped,Portugal
90,235,2026-08-03 18:02:01,Complete,Chile
91,188,2026-07-10 01:30:53,Complete,Chile
92,17,2026-04-06 09:34:07,Complete,Portugal
93,106,2025-03-02 20:45:20,Complete,Portugal
94,264,2025-04-08 04:56:11,Returned,Brasil
95,68,2025-09-13 05:19:28,Complete,Argentina
96,143,2026-01-13 16:33:17,Returned,EUA
97,184,2025-03-06 19:27:28,Complete,Brasil
98,67,2026-08-03 17:40:14,Complete,Portugal
99,236,2025-01-17 04:31:24,Cancelled,Chile
100,85,2025-02-23 14:25:49,Complete,Argentina
101,40,2025-05-16 21:36:54,Shipped,Chile
102,62,2026-03-09 04:48:44,Complete,Brasil
103,154,2025-05-21 13:56:04,Complete,Chile
104,226,2025-12-26 07:45:25,Complete,Chile
105,162,2025-05-24 09:01:17,Shipped,Brasil
106,28,2025-09-03 18:01:05,Complete,Argentina
107,163,2025-05-16 14:05:03,Cancelled,Argentina
108,21,2025-03-03 14:29:23,Complete,Chile
109,80,2026-07-04 11:53:47,Complete,EUA
110,123,2025-03-01 08:54:04,Processing,Chile
111,133,2025-06-20 13:32:21,Shipped,Argentina
112,40,2026-05-24 16:34:23,Complete,Chile
113,60,2025-08-22 18:31:32,Processing,EUA
114,197,2025-06-03 06:30:56,Returned,EUA
115,265,2025-02-17 14:35:50,Processing,EUA
116,125,2026-04-21 13:24:30,Complete,Argentina
117,178,2025-01-10 12:11:51,Processing,Brasil
118,48,2025-02-14 08:25:39,Cancelled,Argentina
119,32,2026-03-22 04:45:32,Shipped,EUA
120,70,2026-08-22 03:58:03,Shipped,EUA
121,156,2025-02-11 07:49:43,Complete,Brasil
122,26,2025-11-03 09:28:20,Complete,Brasil
123,206,2026-01-17 22:56:54,Returned,Brasil
124,170,2025-05-06 01:33:16,Returned,Portugal
125,126,2025-10-30 18:09:50,Complete,Argentina
126,215,2025-07-24 23:23:53,Cancelled,Chile
127,279,2026-05-12 12:31:33,Cancelled,Chile
128,300,2025-08-27 05:48:42,Processing,Argentina
129,89,2025-06-30 08:36:45,Complete,Brasil
130,253,2026-07-10 11:15:08,Shipped,EUA
131,270,2026-05-05 00:01:29,Complete,EUA
132,73,2025-04-24 19:09:42,Cancelled,Brasil
133,250,2025-11-21 06:20:33,Complete,EUA
134,1,2026-08-10 14:15:27,Cancelled,EUA
135,114,2026-08-03 03:47:25,Returned,Portugal
136,86,2025-04-01 23:16:08,Complete,Brasil
137,35,2025-12-25 09:20:40,Complete,Chile
138,86,2026-02-28 17:57:09,Cancelled,Brasil
139,134,2025-04-18 02:42:05,Complete,Argentina
140,248,2025-02-01 15:42:14,Returned,Argentina
141,153,2025-09-01 03:29:31,Processing,Chile
142,150,2025-03-25 17:14:31,Complete,Brasil
143,23,2025-09-27 16:00:37,Complete,Chile
144,117,2026-07-21 02:13:13,Complete,Brasil
145,265,2026-08-09 22:35:00,Shipped,EUA
146,35,2025-03-31 14:07:48,Complete,Chile
147,77,2025-06-01 20:37:44,Complete,Chile
148,147,2026-07-03 12:31:11,Cancelled,Portugal
149,170,2025-09-01 01:47:40,Complete,Portugal
150,117,2025-05-18 10:56:24,Returned,Brasil
151,265,2026-01-18 02:02:47,Complete,EUA
152,128,2025-02-03 16:37:07,Processing,Argentina
153,64,2025-02-01 08:48:31,Complete,Chile
154,133,2025-04-03 10:22:44,Processing,Argentina
155,263,2025-01-21 00:19:26,Complete,Argentina
156,141,2026-03-10 13:42:25,Cancelled,Argentina
157,4,2026-06-08 13:37:31,Complete,Chile
158,153,2025-07-12 05:27:31,Complete,Chile
159,72,2025-01-27 23:51:44,Complete,Brasil
160,244,2026-01-03 18:28:14,Complete,Portugal
161,94,2025-12-10 23:49:38,Processing,Argentina
162,299,2026-08-18 22:35:50,Processing,Argentina
163,28,2025-06-04 05:00:04,Returned,Argentina
164,87,2026-08-14 05:46:06,Complete,Chile
165,220,2026-02-18 15:37:13,Returned,Portugal
166,8,2025-11-26 19:20:03,Shipped,Brasil
167,258,2025-11-10 06:04:51,Processing,Argentina
168,251,2026-01-03 06:51:37,Shipped,Brasil
169,20,2026-01-20 23:18:48,Shipped,Argentina
170,11,2025-02-19 04:12:56,Complete,Chile
171,71,2026-03-05 03:49:11,Complete,Argentina
172,210,2025-10-30 05:50:20,Processing,Argentina
173,57,2026-08-11 17:59:23,Shipped,Brasil
174,234,2025-10-31 09:36:59,Complete,Brasil
175,49,2025-02-16 00:21:07,Cancelled,Chile
176,48,2026-01-17 12:28:41,Shipped,Argentina
177,248,2026-08-06 15:57:10,Shipped,Argentina
178,33,2025-09-25 23:50:48,Complete,Brasil
179,128,2026-05-09 12:35:18,Complete,Argentina
180,254,2025-06-19 02:43:32,Complete,Portugal
181,294,2026-04-04 03:12:16,Cancelled,Brasil
182,53,2026-02-18 15:00:46,Processing,Brasil
183,261,2026-07-30 07:31:52,Complete,EUA
184,187,2026-04-09 04:09:05,Processing,Chile
185,150,2026-07-15 19:00:17,Complete,Brasil
186,101,2025-07-12 04:23:46,Returned,EUA
187,259,2025-05-18 18:09:42,Processing,EUA
188,259,2026-01-29 15:14:35,Returned,EUA
189,71,2026-02-27 21:56:14,Complete,Argentina
190,177,2025-05-16 23:40:08,Returned,Portugal
191,274,2025-10-20 15:22:43,Complete,EUA
192,29,2025-07-24 09:43:13,Complete,Brasil
193,53,2026-07-30 08:10:00,Complete,Brasil
194,161,2026-07-20 01:57:31,Processing,EUA
195,39,2025-07-11 06:19:39,Complete,Chile
196,67,2025-06-14 21:15:44,Complete,
197,163,2026-06-23 08:00:30,Returned,Argentina
198,110,2025-12-06 12:03:13,Complete,Argentina
199,196,2025-04-27 14:02:57,Shipped,EUA
200,261,2026-04-02 17:43:26,Processing,EUA
201,276,2026-07-01 00:16:00,Complete,EUA
202,37,2025-06-07 00:51:53,Complete,EUA
203,129,2026-07-26 02:33:52,Complete,EUA
204,4,2025-03-06 21:19:16,Processing,Chile
205,16,2026-05-01 05:41:29,Complete,EUA
206,3,2026-08-10 21:43:24,Complete,Brasil
207,177,2025-08-05 15:01:27,Cancelled,Portugal
208,291,2025-02-25 19:58:59,Complete,Chile
209,121,2025-04-13 10:22:53,Complete,Chile
210,162,2026-03-15 06:08:23,Processing,Brasil
211,246,2026-04-19 16:12:53,Complete,Argentina
212,144,2025-05-24 19:36:37,Shipped,Argentina
213,16,2026-08-19 21:04:37,Complete,EUA
214,277,2026-04-29 23:48:29,Complete,Brasil
215,47,2026-02-11 13:14:52,Complete,EUA
216,75,2026-05-11 13:03:48,Processing,EUA
217,185,2026-02-02 17:06:01,Cancelled,EUA
218,267,2025-10-08 09:35:13,Complete,Chile
219,4,2026-05-29 05:03:34,Complete,Chile
220,170,2025-04-27 17:31:53,Complete,Portugal
221,69,2026-06-09 01:25:36,Cancelled,EUA
222,10,2025-10-18 03:07:19,Shipped,Chile
223,176,2026-04-10 21:43:08,Complete,Chile
224,273,2026-05-31 04:16:43,Processing,Argentina
225,23,2026-06-27 15:37:04,Shipped,Chile
226,279,2026-02-23 09:23:11,Shipped,Chile
227,4,2026-01-20 23:49:52,Shipped,Chile
228,204,2025-07-28 15:02:42,Complete,Argentina
229,204,2025-05-22 04:20:08,Complete,Argentina
230,27,2025-06-14 14:10:00,Returned,
231,223,2025-04-01 02:19:59,Shipped,EUA
232,267,2025-10-21 21:45:11,Processing,Chile
233,262,2026-06-13 08:26:05,Complete,Brasil
234,208,2026-08-24 07:17:35,Complete,EUA
235,287,2026-08-20 12:40:25,Complete,Brasil
236,90,2026-02-21 18:25:53,Processing,Brasil
237,194,2026-07-31 17:36:30,Complete,EUA
238,162,2026-02-27 12:51:21,Complete,
239,112,2026-08-11 09:47:48,Shipped,Chile
240,104,2025-09-13 22:31:20,Complete,Argentina
241,253,2025-01-07 19:42:52,Returned,EUA
242,296,2025-05-12 01:58:17,Complete,EUA
243,90,2026-04-14 04:22:56,Complete,Brasil
244,298,2025-04-14 11:50:55,Complete,Brasil
245,95,2026-05-26 15:26:07,Shipped,Brasil
246,52,2025-10-04 08:35:07,Complete,Brasil
247,69,2026-06-14 19:26:30,Complete,EUA
248,131,2026-05-03 22:55:57,Processing,Portugal
249,102,2026-08-14 20:58:03,Complete,Brasil
250,238,2025-05-29 06:06:04,Complete,EUA
251,203,2025-10-05 16:11:53,Complete,EUA
252,53,2025-04-08 02:19:21,Returned,Brasil
253,43,2025-04-17 09:33:20,Complete,EUA
254,167,2026-05-03 17:00:35,Returned,Portugal
255,289,2026-03-22 19:03:30,Complete,Chile
256,6,2025-01-01 19:03:12,Complete,Brasil
257,4,2026-07-16 13:36:14,Shipped,Chile
258,140,2025-10-19 23:36:34,Complete,Argentina
259,10,2025-06-05 01:48:25,Returned,Chile
260,225,2025-01-09 08:28:34,Processing,Portugal
261,17,2025-12-05 02:55:15,Complete,Portugal
262,241,2025-07-05 06:59:51,Cancelled,EUA
263,49,2026-06-18 07:35:21,Complete,Chile
264,153,2025-07-23 13:07:21,Cancelled,Chile
265,142,2026-08-22 04:21:22,Complete,EUA
266,80,2026-01-16 03:15:28,Shipped,EUA
267,163,2026-07-26 23:28:15,Complete,Argentina
268,251,2025-07-14 20:37:58,Shipped,Brasil
269,1,2026-06-03 13:48:01,Complete,EUA
270,255,2026-07-19 05:36:42,Complete,Portugal
271,104,2025-04-20 17:40:18,Shipped,Argentina
272,41,2026-04-25 23:15:44,Processing,Argentina
273,119,2026-06-29 14:01:46,Shipped,Portugal
274,55,2026-08-14 13:01:58,Complete,Brasil
275,282,2025-11-29 13:32:02,Complete,Portugal
276,230,2026-02-11 00:00:25,Complete,Portugal
277,155,2025-01-07 10:56:05,Returned,Brasil
278,236,2025-12-31 05:41:01,Shipped,Chile
279,112,2025-03-21 11:49:18,Complete,Chile
280,296,2026-01-26 02:51:26,Complete,EUA
281,196,2025-02-25 11:05:48,Complete,EUA
282,202,2026-04-02 21:40:05,Complete,Chile
283,67,2025-05-19 17:30:35,Complete,Portugal
284,137,2026-03-17 11:46:30,Complete,Argentina
285,98,2025-11-25 12:32:37,Complete,Argentina
286,192,2025-06-09 03:07:27,Processing,Chile
287,12,2025-12-06 07:36:35,Complete,EUA
288,270,2025-02-14 09:18:03,Shipped,EUA
289,185,2025-04-21 00:41:40,Shipped,EUA
290,288,2025-01-23 01:26:50,Shipped,Brasil
291,257,2025-10-10 02:15:27,Complete,Portugal
292,175,2026-02-07 23:55:05,Shipped,Portugal
293,169,2026-04-05 19:44:31,Shipped,Argentina
294,75,2026-08-02 05:45:15,Complete,EUA
295,75,2025-01-31 11:36:11,Cancelled,EUA
296,291,2025-08-25 21:42:46,Shipped,Chile
297,95,2026-02-01 17:53:34,Complete,Brasil
298,114,2025-07-27 07:26:52,Processing,Portugal
299,293,2026-07-04 19:07:23,Complete,Brasil
300,22,2025-09-09 18:53:07,Complete,Argentina
301,26,2025-07-14 10:36:05,Complete,Brasil
302,232,2025-04-03 18:13:42,Processing,Argentina
303,104,2026-04-11 03:17:00,Shipped,Argentina
304,269,2026-01-29 18:37:45,Complete,Argentina
305,229,2025-10-23 22:48:30,Shipped,Argentina
306,256,2026-07-11 00:12:33,Complete,EUA
307,4,2025-09-08 19:55:41,Shipped,Chile
308,17,2026-08-15 21:57:53,Shipped,Portugal
309,83,2025-10-19 22:14:56,Complete,Brasil
310,166,2026-01-13 13:47:48,Complete,Chile
311,141,2025-12-04 19:11:21,Complete,Argentina
312,148,2026-03-14 22:10:02,Complete,Argentina
313,120,2025-10-25 07:02:49,Processing,Brasil
314,212,2025-02-16 12:09:10,Complete,Chile
315,158,2025-11-04 18:26:52,Complete,Argentina
316,292,2025-01-30 06:23:40,Shipped,Brasil
317,267,2025-11-03 20:34:08,Complete,Chile
318,182,2025-03-09 05:26:09,Shipped,Brasil
319,255,2025-09-01 13:31:44,Complete,Portugal
320,48,2026-03-31 18:25:21,Processing,Argentina
321,74,2025-04-11 18:47:32,Complete,Portugal
322,268,2025-04-29 00:08:58,Complete,Brasil
323,53,2026-06-18 23:59:34,Complete,Brasil
324,77,2025-06-11 09:57:46,Processing,Chile
325,164,2025-10-05 05:09:14,Returned,Brasil
326,67,2025-01-30 17:08:20,Cancelled,Portugal
327,171,2025-07-22 19:25:24,Processing,Chile
328,133,2026-01-08 14:16:30,Shipped,Argentina
329,145,2025-12-23 22:00:25,Complete,Chile
330,247,2026-01-29 02:24:18,Complete,Argentina
331,238,2025-11-30 20:12:36,Processing,EUA
332,72,2026-08-18 23:09:39,Complete,Brasil
333,106,2025-11-21 10:54:46,Complete,Portugal
334,66,2025-10-29 02:16:20,Complete,Portugal
335,184,2025-04-23 10:16:29,Cancelled,Brasil
336,185,2026-03-04 05:37:00,Shipped,EUA
337,250,2026-03-24 04:56:36,Processing,EUA
338,96,2026-03-11 22:00:42,Processing,Portugal
339,20,2026-08-05 17:35:42,Complete,Argentina
340,40,2026-07-07 21:06:13,Complete,Chile
341,151,2025-10-24 06:05:55,Processing,Brasil
342,14,2025-10-21 17:38:58,Processing,Brasil
343,78,2026-04-03 13:27:46,Complete,Brasil
344,75,2025-06-07 18:03:24,Complete,EUA
345,205,2026-05-03 10:58:20,Complete,Portugal
346,223,2025-01-13 10:30:52,Cancelled,EUA
347,140,2025-12-10 09:50:32,Shipped,Argentina
348,51,2026-06-22 03:46:59,Complete,EUA
349,112,2025-05-05 04:22:05,Processing,Chile
350,166,2025-09-21 05:53:49,Complete,Chile
351,31,2025-09-22 09:38:10,Shipped,Argentina
352,221,2025-08-12 22:21:13,Complete,Chile
353,77,2025-01-01 01:22:39,Complete,Chile
354,197,2026-05-09 04:24:46,Complete,EUA
355,175,2025-03-24 16:44:05,Complete,Portugal
356,200,2025-04-20 22:57:36,Complete,Brasil
357,274,2026-04-06 00:35:51,Processing,EUA
358,268,2026-04-15 19:32:08,Shipped,Brasil
359,10,2026-04-28 22:30:51,Processing,Chile
360,88,2025-03-07 03:52:17,Processing,EUA
361,295,2026-07-13 05:00:00,Complete,EUA
362,213,2025-06-22 13:28:07,Complete,Portugal
363,193,2025-06-11 00:34:08,Cancelled,EUA
364,146,2026-03-03 17:19:51,Complete,Brasil
365,46,2025-11-05 12:39:53,Complete,Brasil
366,277,2026-06-04 07:59:00,Complete,Brasil
367,243,2026-05-25 06:25:11,Shipped,Portugal
368,129,2025-12-09 22:27:27,Complete,EUA
369,276,2025-06-30 05:45:15,Complete,EUA
370,297,2025-11-30 15:15:27,Shipped,Argentina
371,38,2026-04-28 21:18:09,Complete,Brasil
372,100,2026-01-03 09:49:09,Shipped,Chile
373,239,2026-04-15 15:13:37,Shipped,Brasil
374,268,2026-05-16 07:52:49,Complete,Brasil
375,77,2026-08-11 00:11:05,Complete,Chile
376,209,2025-08-12 04:49:54,Complete,Argentina
377,83,2026-04-16 20:46:00,Complete,Brasil
378,171,2026-06-28 01:11:27,Shipped,Chile
379,187,2025-02-22 04:02:24,Complete,Chile
380,287,2025-03-10 20:24:59,Complete,Brasil
381,116,2025-11-25 12:50:30,Cancelled,Portugal
382,150,2026-04-08 22:36:29,Complete,Brasil
383,201,2025-07-03 10:29:57,Returned,EUA
384,267,2025-01-24 10:40:26,Complete,Chile
385,12,2025-08-26 18:55:07,Complete,EUA
386,157,2025-06-25 09:27:59,Shipped,Argentina
387,94,2025-06-29 05:35:17,Shipped,Argentina
388,177,2025-06-01 13:34:38,Complete,Portugal
389,280,2026-06-04 12:03:41,Complete,Portugal
390,246,2025-02-11 05:04:34,Complete,Argentina
391,229,2026-01-01 03:22:01,Complete,Argentina
392,276,2026-04-02 03:10:52,Returned,EUA
393,146,2025-12-20 12:47:32,Complete,Brasil
394,213,2026-03-30 10:30:31,Shipped,Portugal
395,193,2025-04-01 00:14:27,Complete,EUA
396,156,2026-05-21 20:21:46,Complete,Brasil
397,242,2025-05-08 23:48:16,Complete,Argentina
398,253,2025-03-10 21:48:17,Complete,EUA
399,164,2026-04-18 04:55:59,Complete,Brasil
400,264,2025-07-18 22:51:57,Shipped,Brasil
401,186,2025-04-09 19:27:27,Complete,Argentina
402,249,2026-02-26 12:23:25,Cancelled,Argentina
403,270,2026-06-29 20:03:55,Complete,EUA
404,176,2025-06-26 11:05:35,Processing,Chile
405,67,2025-03-22 15:28:00,Complete,Portugal
406,22,2025-07-21 03:55:31,Processing,Argentina
407,23,2025-03-09 10:58:57,Complete,Chile
408,103,2025-07-09 12:47:56,Processing,EUA
409,297,2025-01-15 19:15:15,Shipped,Argentina
410,95,2026-03-27 03:54:27,Shipped,Brasil
411,185,2025-10-23 20:17:04,Complete,EUA
412,36,2026-05-03 13:22:41,Shipped,Brasil
413,87,2025-03-08 13:14:32,Returned,Chile
414,208,2026-05-12 18:37:12,Shipped,EUA
415,119,2025-05-18 01:04:55,Processing,Portugal
416,92,2026-01-27 22:00:44,Complete,Portugal
417,253,2026-04-23 07:21:07,Shipped,EUA
418,61,2026-01-28 16:23:17,Complete,Chile
419,292,2026-05-18 20:09:45,Complete,Brasil
420,24,2025-05-12 13:20:26,Complete,Chile
421,177,2026-01-01 14:59:52,Complete,Portugal
422,157,2025-04-28 12:17:29,Shipped,Argentina
423,291,2026-06-12 15:20:03,Shipped,Chile
424,166,2026-08-10 03:33:29,Complete,Chile
425,187,2026-03-23 07:20:44,Complete,Chile
426,25,2025-11-01 20:52:52,Complete,Portugal
427,140,2025-03-10 20:37:22,Complete,Argentina
428,222,2026-07-07 11:24:31,Shipped,Brasil
429,273,2026-03-21 20:36:42,Complete,Argentina
430,154,2026-03-22 14:56:13,Complete,Chile
431,147,2025-06-14 09:20:12,Complete,Portugal
432,287,2026-03-23 15:21:54,Complete,Brasil
433,22,2026-05-13 00:43:29,Processing,Argentina
434,72,2025-08-30 04:04:31,Complete,Brasil
435,269,2025-09-15 18:04:30,Cancelled,Argentina
436,200,2025-08-30 15:23:46,Shipped,Brasil
437,192,2025-04-26 11:31:22,Complete,Chile
438,18,2025-02-25 08:43:34,Shipped,Chile
439,121,2025-11-01 07:39:35,Cancelled,Chile
440,52,2025-06-14 09:30:05,Complete,Brasil
441,206,2025-07-24 22:52:32,Complete,Brasil
442,67,2026-02-25 11:37:44,Complete,Portugal
443,213,2026-01-12 06:37:20,Complete,Portugal
444,46,2026-04-19 07:13:07,Shipped,Brasil
445,134,2025-06-02 03:14:33,Returned,Argentina
446,233,2026-05-22 04:18:53,Shipped,Portugal
447,145,2025-07-13 15:13:51,Shipped,Chile
448,231,2025-09-12 13:27:29,Complete,Chile
449,166,2026-02-12 07:43:35,Complete,Chile
450,24,2025-01-06 09:14:07,Complete,Chile
451,163,2026-06-28 15:45:44,Shipped,Argentina
452,144,2026-01-05 15:39:32,Shipped,Argentina
453,226,2025-02-24 06:52:42,Shipped,Chile
454,240,2026-03-23 04:13:27,Returned,Brasil
455,288,2026-05-12 16:39:59,Complete,Brasil
456,261,2025-10-07 20:30:25,Cancelled,EUA
457,40,2025-09-10 18:08:08,Complete,Chile
458,63,2026-02-08 13:36:03,Complete,EUA
459,169,2025-02-14 23:53:25,Complete,Argentina
460,37,2026-07-15 21:55:43,Complete,EUA
461,207,2025-10-19 23:33:45,Complete,Brasil
462,159,2025-05-15 13:04:20,Complete,EUA
463,217,2025-04-03 15:23:02,Complete,Brasil
464,224,2025-03-23 17:23:21,Complete,EUA
465,218,2026-02-27 03:26:24,Complete,Portugal
466,202,2025-02-16 03:01:57,Complete,Chile
467,41,2025-09-23 03:52:16,Complete,Argentina
468,203,2025-11-06 03:11:26,Shipped,EUA
469,14,2025-08-03 17:31:00,Complete,Brasil
470,249,2026-04-28 00:42:52,Cancelled,Argentina
471,53,2026-03-19 15:08:04,Complete,Brasil
472,271,2025-01-20 15:21:52,Complete,Chile
473,99,2026-04-26 12:31:08,Complete,EUA
474,185,2026-04-29 05:53:57,Complete,EUA
475,81,2026-05-19 03:40:25,Complete,Chile
476,33,2025-12-12 15:40:42,Processing,Brasil
477,286,2025-10-01 05:30:15,Cancelled,Portugal
478,57,2025-04-19 22:13:48,Complete,Brasil
479,86,2025-05-01 07:28:40,Cancelled,Brasil
480,104,2026-03-26 15:08:13,Complete,
481,272,2026-03-08 08:18:28,Shipped,Chile
482,206,2025-06-18 15:48:14,Processing,Brasil
483,284,2025-11-08 11:25:16,Cancelled,
484,227,2025-12-20 23:37:13,Complete,Portugal
485,146,2025-08-07 03:22:46,Complete,Brasil
486,259,2025-04-24 02:10:57,Complete,EUA
487,121,2026-08-19 20:35:33,Complete,Chile
488,194,2026-06-17 09:00:57,Processing,EUA
489,32,2026-03-12 04:44:07,Complete,EUA
490,226,2026-05-17 15:10:46,Complete,Chile
491,109,2026-04-12 17:14:03,Processing,Argentina
492,61,2026-01-16 11:06:07,Returned,Chile
493,179,2025-03-11 01:37:36,Complete,Brasil
494,167,2025-04-02 22:44:49,Complete,Portugal
495,46,2025-06-19 00:54:11,Complete,Brasil
496,28,2026-08-07 18:59:47,Shipped,Argentina
497,93,2025-01-20 10:00:39,Complete,Argentina
498,163,2026-01-27 09:21:48,Processing,Argentina
499,209,2025-06-23 02:08:41,Complete,Argentina
500,164,2025-05-26 15:01:49,Cancelled,Brasil
501,122,2026-05-20 18:31:06,Complete,Brasil
502,284,2026-02-21 02:22:59,Complete,Portugal
503,285,2025-05-09 11:05:26,Complete,Brasil
504,217,2026-07-23 16:26:50,Processing,Brasil
505,109,2026-08-23 18:34:49,Shipped,Argentina
506,63,2025-05-24 20:15:38,Returned,EUA
507,134,2026-04-09 09:56:24,Shipped,Argentina
508,244,2025-01-05 00:20:55,Complete,Portugal
509,91,2025-01-09 04:32:33,Complete,Argentina
510,114,2025-08-28 17:58:44,Returned,Portugal
511,290,2026-08-02 06:23:26,Processing,Chile
512,117,2026-06-20 09:59:16,Shipped,Brasil
513,209,2025-10-08 04:25:53,Complete,Argentina
514,3,2026-02-06 07:05:07,Complete,Brasil
515,39,2025-09-13 07:10:05,Shipped,Chile
516,13,2025-12-09 09:07:01,Shipped,Portugal
517,229,2026-08-16 04:32:41,Processing,Argentina
518,34,2025-05-11 02:15:26,Cancelled,Portugal
519,206,2025-04-09 22:28:31,Complete,Brasil
520,220,2025-04-14 12:21:54,Complete,Portugal
521,99,2025-04-21 03:44:19,Processing,EUA
522,228,2025-07-10 08:51:10,Shipped,Argentina
523,278,2025-05-30 05:22:01,Complete,Argentina
524,101,2025-07-25 23:19:18,Cancelled,EUA
525,154,2026-03-05 11:57:52,Shipped,Chile
526,115,2025-08-24 16:59:09,Complete,Chile
527,73,2025-10-25 16:02:05,Shipped,Brasil
528,284,2025-09-09 06:30:01,Shipped,Portugal
529,157,2026-04-13 08:44:36,Complete,Argentina
530,67,2025-07-14 06:58:44,Complete,Portugal
531,151,2025-06-02 11:55:49,Shipped,Brasil
532,86,2026-06-05 14:07:51,Complete,Brasil
533,243,2025-10-02 21:09:37,Complete,Portugal
534,232,2025-08-29 14:24:51,Shipped,Argentina
535,22,2026-04-22 18:39:03,Complete,Argentina
536,43,2025-10-29 18:16:07,Complete,EUA
537,129,2025-11-06 09:59:34,Shipped,EUA
538,207,2026-02-20 21:06:55,Complete,Brasil
539,283,2026-04-25 16:47:56,Complete,Chile
540,16,2026-01-19 05:03:32,Complete,EUA
541,174,2025-08-19 15:15:38,Complete,Portugal
542,294,2026-02-05 13:53:00,Shipped,Brasil
543,251,2025-01-28 06:47:50,Shipped,Brasil
544,57,2025-05-13 19:31:53,Complete,Brasil
545,235,2025-10-10 07:20:37,Processing,Chile
546,270,2025-12-03 20:43:29,Cancelled,EUA
547,234,2025-12-22 10:49:47,Complete,Brasil
548,197,2025-07-07 20:42:09,Processing,EUA
549,276,2025-10-26 02:25:48,Complete,EUA
550,40,2025-04-18 18:21:52,Complete,Chile
551,6,2025-09-14 04:10:31,Complete,Brasil
552,10,2025-04-13 06:27:10,Shipped,Chile
553,227,2025-02-18 23:06:43,Complete,Portugal
554,27,2025-01-05 01:46:18,Complete,Argentina
555,8,2025-12-12 06:59:45,Complete,Brasil
556,213,2026-06-09 03:55:14,Complete,Portugal
557,110,2025-04-19 12:58:57,Complete,Argentina
558,23,2025-03-10 07:57:27,Complete,Chile
559,69,2025-12-07 06:23:00,Complete,EUA
560,258,2025-01-14 08:28:08,Processing,Argentina
561,125,2025-03-23 02:10:54,Shipped,Argentina
562,228,2025-12-03 04:53:18,Shipped,Argentina
563,148,2025-01-25 08:20:16,Complete,Argentina
564,114,2026-01-26 18:59:10,Complete,Portugal
565,99,2025-02-23 23:05:47,Returned,EUA
566,219,2026-04-24 11:20:24,Shipped,EUA
567,185,2026-02-12 13:45:08,Shipped,EUA
568,195,2026-04-20 11:08:08,Complete,Argentina
569,252,2026-02-19 15:08:22,Returned,Brasil
570,290,2025-06-16 07:04:17,Complete,Chile
571,125,2026-05-05 01:15:22,Cancelled,Argentina
572,76,2025-09-18 09:00:29,Complete,EUA
573,42,2026-06-15 06:52:29,Cancelled,Portugal
574,177,2025-05-27 09:47:41,Complete,Portugal
575,91,2026-01-19 06:47:11,Complete,Argentina
576,94,2025-07-16 09:26:33,Returned,Argentina
577,245,2026-05-12 03:40:13,Processing,Argentina
578,268,2025-01-08 13:40:39,Complete,Brasil
579,185,2026-02-13 13:46:42,Complete,EUA
580,272,2025-10-14 09:02:56,Complete,Chile
581,228,2025-08-28 22:05:29,Complete,Argentina
582,244,2025-04-13 14:00:44,Shipped,Portugal
583,45,2025-11-05 19:58:45,Returned,Chile
584,168,2026-01-28 10:12:27,Shipped,Chile
585,34,2025-12-18 13:43:35,Cancelled,Portugal
586,60,2026-08-10 13:23:20,Shipped,EUA
587,65,2026-06-17 21:54:15,Complete,Portugal
588,152,2025-08-13 18:11:54,Complete,Argentina
589,294,2026-05-05 22:58:36,Complete,Brasil
590,154,2025-06-13 00:47:06,Complete,Chile
591,298,2025-02-25 11:04:15,Complete,Brasil
592,101,2025-01-10 13:11:17,Complete,EUA
593,243,2025-07-03 01:54:37,Processing,Portugal
594,89,2026-01-20 23:58:33,Processing,Brasil
595,294,2026-08-10 17:27:28,Shipped,Brasil
596,51,2025-11-30 02:18:42,Complete,EUA
597,272,2026-05-16 02:19:39,Complete,Chile
598,93,2025-07-04 00:11:37,Complete,Argentina
599,83,2025-03-31 20:28:47,Shipped,Brasil
600,279,2025-06-25 15:24:10,Returned,Chile
601,228,2025-05-24 21:00:37,Complete,Argentina
602,154,2025-08-09 04:53:10,Complete,Chile
603,84,2026-02-14 16:36:17,Processing,EUA
604,79,2025-11-20 15:47:16,Complete,Chile
605,34,2025-12-04 23:18:29,Processing,Portugal
606,64,2025-06-29 19:10:06,Complete,Chile
607,200,2025-07-05 12:34:02,Complete,Brasil
608,28,2026-01-15 09:04:11,Complete,Argentina
609,45,2025-11-09 14:48:02,Complete,Chile
610,48,2025-06-19 20:56:47,Processing,Argentina
611,4,2026-03-12 19:27:15,Complete,Chile
612,269,2025-08-19 06:21:53,Processing,Argentina
613,277,2025-05-01 10:33:39,Shipped,Brasil
614,264,2025-02-06 16:51:33,Cancelled,Brasil
615,169,2025-11-02 12:53:05,Processing,Argentina
616,271,2026-06-11 05:35:47,Complete,Chile
617,241,2026-02-09 13:37:41,Shipped,EUA
618,83,2025-05-24 12:52:45,Complete,
619,170,2025-02-02 05:50:12,Complete,Portugal
620,200,2025-05-15 03:59:42,Returned,Brasil
621,176,2026-03-16 21:44:21,Complete,Chile
622,59,2025-09-27 09:00:21,Complete,Argentina
623,20,2025-10-08 06:59:49,Cancelled,Argentina
624,119,2025-08-16 12:14:23,Complete,Portugal
625,27,2025-11-26 07:43:04,Shipped,Argentina
626,252,2026-01-08 12:10:15,Complete,Brasil
627,186,2026-06-26 22:01:01,Complete,Argentina
628,62,2025-02-12 21:21:21,Returned,Brasil
629,176,2025-11-05 17:15:54,Returned,Chile
630,287,2025-12-22 13:19:33,Complete,Brasil
631,32,2025-07-14 14:28:20,Complete,EUA
632,197,2026-07-30 14:12:30,Complete,EUA
633,263,2026-04-12 18:20:36,Complete,Argentina
634,21,2025-06-01 10:06:46,Cancelled,Chile
635,1,2025-12-22 23:02:07,Complete,EUA
636,210,2025-10-29 11:49:10,Returned,Argentina
637,144,2025-06-30 09:19:12,Returned,Argentina
638,283,2025-07-31 16:05:58,Shipped,Chile
639,91,2025-07-13 20:44:26,Complete,Argentina
640,219,2025-09-09 16:34:00,Cancelled,EUA
641,7,2025-04-13 13:45:28,Complete,Portugal
642,43,2025-10-02 05:11:35,Returned,EUA
643,174,2025-03-29 07:21:58,Shipped,Portugal
644,152,2025-04-16 18:37:28,Cancelled,Argentina
645,198,2025-05-31 12:51:49,Complete,EUA
646,44,2025-02-14 22:00:33,Shipped,Portugal
647,54,2025-10-05 18:10:37,Complete,Portugal
648,76,2025-11-24 05:22:49,Complete,EUA
649,247,2026-02-28 21:54:31,Complete,Argentina
650,275,2025-08-24 14:00:13,Processing,Argentina
651,243,2025-05-17 04:00:38,Processing,Portugal
652,115,2025-02-27 05:01:01,Processing,Chile
653,55,2026-08-19 02:41:09,Complete,Brasil
654,292,2026-03-03 05:27:03,Complete,Brasil
655,228,2025-01-14 10:26:27,Processing,Argentina
656,6,2026-02-10 15:25:24,Complete,Brasil
657,65,2025-08-05 14:34:41,Complete,Portugal
658,208,2026-01-25 06:00:03,Processing,EUA
659,109,2025-01-12 11:15:16,Shipped,Argentina
660,292,2026-08-02 01:38:01,Complete,Brasil
661,159,2025-01-09 12:59:06,Complete,EUA
662,170,2026-02-22 18:20:05,Processing,Portugal
663,20,2025-10-25 05:52:11,Shipped,Argentina
664,73,2025-06-14 18:15:48,Complete,Brasil
665,199,2025-09-02 07:36:10,Returned,Argentina
666,159,2026-07-15 03:10:25,Complete,EUA
667,37,2025-07-03 16:46:30,Shipped,EUA
668,67,2026-03-28 13:21:08,Complete,Portugal
669,30,2025-09-08 20:25:05,Processing,EUA
670,239,2026-04-25 23:23:31,Complete,Brasil
671,204,2026-03-20 07:15:45,Complete,Argentina
672,241,2025-05-30 23:18:34,Shipped,EUA
673,73,2025-03-12 09:58:21,Complete,Brasil
674,215,2026-05-09 17:18:44,Complete,Chile
675,163,2025-01-15 05:28:47,Cancelled,Argentina
676,297,2025-04-10 01:19:42,Shipped,Argentina
677,9,2025-11-06 11:10:34,Complete,Chile
678,284,2025-06-16 19:45:41,Complete,Portugal
679,279,2025-04-13 23:03:57,Complete,Chile
680,233,2026-07-19 13:52:28,Processing,Portugal
681,203,2025-01-08 13:38:25,Complete,EUA
682,79,2026-01-19 18:53:41,Complete,Chile
683,27,2026-08-15 15:37:23,Shipped,Argentina
684,65,2026-06-01 04:18:35,Complete,Portugal
685,79,2025-01-29 22:30:15,Complete,Chile
686,67,2026-04-10 23:06:00,Complete,Portugal
687,194,2025-09-24 01:53:02,Shipped,EUA
688,63,2025-04-20 05:09:50,Shipped,EUA
689,107,2026-02-05 03:39:55,Complete,EUA
690,215,2026-01-20 11:25:02,Complete,Chile
691,17,2025-05-01 12:28:52,Returned,Portugal
692,63,2025-07-17 22:04:04,Processing,EUA
693,113,2025-03-27 04:36:31,Shipped,Argentina
694,151,2026-04-24 18:03:05,Complete,Brasil
695,160,2025-06-19 07:29:38,Returned,Argentina
696,33,2026-04-06 06:05:21,Cancelled,Brasil
697,220,2025-07-10 13:01:30,Shipped,Portugal
698,239,2026-08-05 11:42:27,Cancelled,Brasil
699,163,2025-11-24 07:12:51,Shipped,Argentina
700,295,2025-01-05 16:48:45,Shipped,EUA
701,163,2025-12-21 14:34:33,Processing,Argentina
702,6,2025-05-23 03:49:40,Returned,Brasil
703,156,2025-03-18 09:36:07,Complete,Brasil
704,63,2026-06-19 19:12:32,Shipped,EUA
705,106,2025-03-21 02:44:09,Returned,Portugal
706,97,2026-05-15 03:48:21,Complete,EUA
707,198,2026-04-09 22:35:27,Complete,EUA
708,76,2026-04-18 03:54:07,Complete,EUA
709,258,2026-03-18 18:29:34,Complete,Argentina
710,272,2026-05-21 18:52:56,Complete,Chile
711,34,2026-06-29 03:40:42,Shipped,Portugal
712,49,2025-07-09 18:19:20,Cancelled,Chile
713,243,2026-03-15 12:09:45,Processing,Portugal
714,5,2025-12-27 17:15:05,Complete,Argentina
715,149,2025-08-22 19:07:28,Complete,EUA
716,172,2026-04-09 17:51:52,Complete,Argentina
717,248,2025-04-26 09:49:41,Complete,Argentina
718,73,2026-01-01 18:07:31,Processing,Brasil
719,179,2025-12-06 14:14:12,Complete,Brasil
720,233,2026-08-04 12:38:01,Shipped,Portugal
721,21,2025-08-11 10:18:15,Complete,Chile
722,288,2025-06-08 03:07:52,Complete,Brasil
723,182,2025-09-12 23:11:38,Complete,Brasil
724,89,2026-08-01 15:52:03,Complete,Brasil
725,44,2025-11-01 20:37:53,Cancelled,Portugal
726,258,2026-01-02 17:03:11,Complete,Argentina
727,66,2026-07-11 20:35:30,Cancelled,Portugal
728,149,2026-08-03 17:31:46,Complete,EUA
729,28,2025-07-29 18:47:47,Shipped,Argentina
730,79,2025-05-04 18:55:34,Processing,Chile
731,225,2025-05-07 15:44:29,Shipped,Portugal
732,149,2025-10-24 03:38:29,Returned,EUA
733,235,2025-05-04 20:32:32,Complete,Chile
734,182,2025-05-23 17:02:09,Cancelled,Brasil
735,258,2025-08-04 12:42:02,Cancelled,Argentina
736,289,2025-12-14 16:43:45,Complete,Chile
737,260,2026-06-23 09:26:17,Shipped,Portugal
738,55,2026-05-27 17:20:44,Complete,Brasil
739,32,2025-09-14 04:10:04,Processing,EUA
740,130,2026-05-18 15:55:45,Complete,Portugal
741,50,2025-07-28 01:12:36,Complete,Argentina
742,107,2026-08-08 17:14:53,Complete,EUA
743,66,2026-06-14 10:51:29,Processing,Portugal
744,115,2025-10-24 09:09:09,Complete,Chile
745,257,2025-11-16 14:32:06,Complete,Portugal
746,135,2025-01-31 01:10:30,Complete,Argentina
747,289,2025-02-06 12:35:30,Returned,Chile
748,139,2025-02-12 03:47:19,Processing,Chile
749,195,2025-01-19 20:06:56,Complete,Argentina
750,224,2025-03-01 08:40:17,Shipped,EUA
751,8,2025-09-13 02:04:15,Processing,Brasil
752,150,2025-05-13 22:04:05,Complete,Brasil
753,106,2026-05-22 12:59:47,Cancelled,Portugal
754,211,2026-05-13 10:11:11,Processing,Argentina
755,73,2025-02-06 08:33:35,Complete,Brasil
756,197,2026-05-23 00:41:10,Cancelled,EUA
757,221,2026-06-30 01:54:09,Complete,Chile
758,175,2026-03-21 15:33:59,Complete,Portugal
759,148,2026-07-02 16:52:32,Complete,Argentina
760,44,2025-09-13 19:45:46,Shipped,Portugal
761,129,2025-01-13 04:31:33,Complete,EUA
762,285,2025-08-12 14:52:37,Processing,Brasil
763,66,2025-08-21 22:56:59,Shipped,Portugal
764,95,2026-06-03 16:01:52,Complete,Brasil
765,181,2026-07-08 01:37:43,Complete,Argentina
766,40,2025-08-31 07:25:44,Complete,Chile
767,151,2025-02-01 05:50:12,Complete,Brasil
768,261,2026-08-19 12:31:35,Returned,EUA
769,41,2025-03-21 08:10:36,Complete,Argentina
770,151,2025-09-07 11:58:01,Shipped,Brasil
771,287,2026-06-02 02:46:59,Cancelled,Brasil
772,209,2026-08-22 05:01:46,Complete,Argentina
773,102,2025-07-04 16:31:55,Processing,Brasil
774,38,2025-05-16 18:44:48,Cancelled,Brasil
775,56,2025-02-16 02:41:06,Complete,Brasil
776,4,2026-01-14 23:38:38,Complete,Chile
777,175,2025-02-19 20:32:21,Complete,Portugal
778,178,2025-10-19 06:01:44,Processing,Brasil
779,261,2025-06-22 00:59:44,Complete,EUA
780,293,2026-03-13 16:11:44,Complete,Brasil
781,71,2025-10-13 04:14:24,Returned,Argentina
782,263,2025-03-17 11:27:42,Cancelled,Argentina
783,286,2025-02-06 23:06:04,Complete,Portugal
784,46,2026-06-13 07:47:54,Processing,Brasil
785,299,2025-08-29 23:13:06,Complete,Argentina
786,201,2026-01-01 19:47:06,Complete,EUA
787,167,2025-09-11 15:28:07,Processing,Portugal
788,121,2025-01-30 10:35:32,Shipped,Chile
789,113,2025-12-14 23:09:56,Complete,Argentina
790,11,2026-01-24 03:17:09,Complete,Chile
791,203,2025-08-23 10:33:55,Complete,EUA
792,204,2026-05-12 01:32:22,Shipped,Argentina
793,68,2025-10-04 03:05:30,Processing,Argentina
794,160,2025-11-28 15:28:45,Complete,Argentina
795,209,2026-07-29 10:08:31,Complete,Argentina
796,56,2026-04-09 08:09:28,Complete,Brasil
797,74,2025-03-27 03:28:22,Complete,Portugal
798,130,2026-02-26 11:20:23,Complete,Portugal
799,209,2025-01-06 09:45:46,Complete,Argentina
800,40,2026-01-20 04:38:03,Complete,Chile
801,59,2025-02-09 15:26:38,Complete,Argentina
802,191,2026-08-01 23:40:25,Shipped,Portugal
803,108,2025-12-05 04:55:39,Shipped,EUA
804,235,2025-12-05 03:26:54,Processing,Chile
805,99,2025-10-09 10:20:49,Complete,EUA
806,53,2025-08-10 10:11:38,Shipped,Brasil
807,142,2026-04-30 07:37:14,Shipped,EUA
808,166,2025-03-21 01:54:00,Shipped,Chile
809,163,2026-06-28 02:50:49,Cancelled,Argentina
810,129,2025-05-04 20:18:45,Cancelled,EUA
811,287,2025-07-15 13:55:29,Complete,Brasil
812,100,2025-01-06 21:20:32,Complete,Chile
813,23,2025-09-17 09:58:56,Complete,Chile
814,252,2025-06-27 17:14:15,Complete,Brasil
815,79,2025-07-01 04:47:35,Processing,Chile
816,32,2025-11-18 03:32:56,Cancelled,EUA
817,188,2026-06-13 00:30:57,Returned,Chile
818,257,2025-06-01 09:42:28,Processing,Portugal
819,180,2025-05-01 12:25:54,Complete,Argentina
820,47,2025-07-06 03:08:46,Shipped,EUA
821,192,2026-04-17 02:57:32,Cancelled,Chile
822,290,2025-11-20 15:04:21,Shipped,Chile
823,182,2026-08-16 13:14:19,Complete,Brasil
824,148,2025-08-01 12:27:30,Complete,Argentina
825,96,2026-05-02 05:05:25,Complete,Portugal
826,52,2025-07-11 13:02:04,Complete,Brasil
827,223,2026-02-13 17:14:32,Complete,EUA
828,219,2025-10-03 21:01:32,Complete,EUA
829,291,2025-05-23 04:43:45,Complete,Chile
830,73,2025-12-21 16:42:04,Complete,Brasil
831,105,2026-03-24 03:16:58,Complete,Argentina
832,242,2026-01-21 16:52:29,Complete,Argentina
833,69,2026-02-14 11:54:35,Cancelled,EUA
834,189,2026-01-06 12:22:24,Complete,
835,78,2025-10-19 11:19:35,Complete,Brasil
836,204,2026-06-14 03:52:30,Complete,Argentina
837,66,2026-08-12 18:27:29,Complete,Portugal
838,243,2025-12-10 19:28:46,Returned,Portugal
839,133,2025-07-22 18:44:48,Complete,Argentina
840,218,2025-12-12 10:46:56,Complete,Portugal
841,19,2026-06-29 14:25:32,Shipped,Brasil
842,253,2026-03-18 10:00:04,Complete,EUA
843,76,2025-04-14 13:54:18,Complete,EUA
844,99,2026-08-08 09:30:06,Returned,EUA
845,96,2025-10-11 18:15:40,Complete,Portugal
846,67,2025-10-09 09:43:23,Complete,Portugal
847,236,2026-03-07 23:06:40,Complete,Chile
848,88,2026-02-04 09:18:34,Complete,EUA
849,43,2025-08-01 19:16:54,Complete,EUA
850,213,2025-01-24 10:20:09,Complete,Portugal
851,112,2025-08-05 04:01:40,Complete,Chile
852,143,2025-11-24 13:13:22,Complete,EUA
853,231,2025-06-10 06:28:01,Complete,
854,15,2025-08-18 05:02:42,Complete,EUA
855,12,2025-11-29 22:12:09,Shipped,EUA
856,123,2025-06-29 17:11:28,Returned,Chile
857,228,2025-09-05 06:26:23,Returned,Argentina
858,82,2025-09-08 16:49:43,Complete,Brasil
859,198,2025-03-14 15:11:08,Returned,EUA
860,13,2026-03-26 17:30:20,Complete,Portugal
861,58,2025-06-23 13:20:33,Complete,Portugal
862,235,2026-05-19 08:54:37,Complete,Chile
863,289,2026-01-07 10:36:10,Complete,Chile
864,197,2025-09-21 23:11:01,Shipped,EUA
865,88,2025-12-19 23:26:30,Shipped,EUA
866,195,2025-01-15 02:21:27,Complete,Argentina
867,256,2026-04-16 20:43:53,Cancelled,EUA
868,169,2026-06-04 02:26:47,Shipped,Argentina
869,127,2025-09-08 09:19:23,Complete,EUA
870,137,2026-07-20 10:06:09,Processing,Argentina
871,107,2025-08-22 08:52:53,Complete,EUA
872,52,2026-07-10 21:27:30,Shipped,Brasil
873,58,2026-03-30 23:23:50,Shipped,Portugal
874,154,2025-09-28 19:22:35,Shipped,Chile
875,92,2025-03-09 15:43:45,Complete,Portugal
876,242,2025-04-16 10:55:29,Cancelled,Argentina
877,81,2025-11-30 18:48:14,Returned,Chile
878,289,2026-02-07 15:11:13,Processing,Chile
879,72,2026-04-13 09:59:00,Processing,Brasil
880,196,2025-11-30 20:19:07,Complete,EUA
881,83,2025-11-30 17:27:52,Returned,Brasil
882,250,2025-09-13 10:11:58,Returned,EUA
883,142,2026-07-05 13:27:04,Complete,EUA
884,168,2026-08-10 19:54:02,Complete,Chile
885,229,2025-08-08 06:42:15,Complete,Argentina
886,211,2026-03-14 14:25:44,Complete,Argentina
887,224,2025-02-02 18:21:28,Cancelled,EUA
888,45,2026-08-11 17:03:20,Complete,Chile
889,78,2025-12-05 02:39:31,Shipped,Brasil
890,166,2026-03-14 05:28:45,Shipped,Chile
891,76,2025-07-31 11:13:53,Shipped,EUA
892,36,2025-12-02 11:28:51,Cancelled,Brasil
893,112,2025-12-30 00:59:37,Shipped,Chile
894,48,2025-06-29 18:26:54,Cancelled,Argentina
895,251,2026-01-02 11:32:14,Complete,Brasil
896,261,2025-04-25 16:38:13,Processing,EUA
897,200,2026-04-28 00:34:37,Returned,Brasil
898,241,2025-02-09 02:13:39,Complete,EUA
899,93,2026-01-09 03:58:58,Complete,Argentina
900,14,2025-12-06 01:02:15,Cancelled,Brasil
901,81,2025-04-13 00:32:38,Complete,Chile
902,244,2026-04-26 09:21:07,Shipped,Portugal
903,264,2025-05-13 05:11:30,Shipped,Brasil
904,54,2025-09-13 08:14:11,Shipped,Portugal
905,192,2025-05-29 21:05:38,Complete,Chile
906,177,2025-07-12 22:53:26,Cancelled,Portugal
907,96,2025-09-19 12:24:53,Complete,Portugal
908,235,2025-04-24 04:22:45,Complete,Chile
909,114,2025-01-18 07:14:01,Complete,Portugal
910,272,2025-06-20 13:38:02,Shipped,Chile
911,143,2025-02-20 14:35:43,Shipped,EUA
912,31,2026-02-25 05:06:29,Shipped,Argentina
913,180,2025-03-14 08:14:22,Returned,Argentina
914,53,2026-04-28 08:27:12,Complete,Brasil
915,79,2025-03-14 12:25:44,Cancelled,Chile
916,239,2026-03-13 21:17:54,Shipped,Brasil
917,216,2025-02-28 23:13:51,Processing,Brasil
918,249,2025-09-06 21:19:39,Complete,Argentina
919,56,2025-04-11 20:57:28,Processing,Brasil
920,21,2025-12-22 23:33:35,Complete,Chile
921,222,2025-01-27 07:51:56,Complete,Brasil
922,177,2025-12-27 09:03:17,Shipped,Portugal
923,206,2025-12-23 06:15:51,Complete,Brasil
924,208,2025-11-17 22:38:20,Complete,EUA
925,98,2026-08-19 11:18:21,Cancelled,Argentina
926,208,2025-09-27 05:18:25,Complete,EUA
927,80,2025-10-08 00:57:34,Complete,EUA
928,125,2025-01-22 22:17:24,Complete,Argentina
929,199,2025-09-25 13:15:06,Complete,Argentina
930,127,2026-07-06 21:04:45,Shipped,EUA
931,225,2026-05-25 21:31:11,Complete,Portugal
932,76,2025-03-07 12:54:13,Processing,EUA
933,232,2025-11-14 19:36:08,Complete,Argentina
934,162,2025-01-07 22:11:40,Processing,Brasil
935,212,2025-06-15 07:05:09,Shipped,Chile
936,46,2025-04-07 14:41:34,Complete,Brasil
937,95,2025-09-24 14:36:55,Shipped,Brasil
938,269,2025-09-21 00:44:33,Cancelled,Argentina
939,271,2025-01-13 00:10:10,Complete,Chile
940,80,2026-01-19 20:53:53,Shipped,EUA
941,276,2025-05-04 11:20:50,Returned,EUA
942,80,2025-12-12 16:33:14,Cancelled,EUA
943,22,2026-01-02 02:08:03,Cancelled,Argentina
944,165,2026-06-24 20:29:53,Complete,Portugal
945,43,2026-05-18 00:52:03,Complete,EUA
946,293,2026-07-10 06:18:42,Complete,Brasil
947,181,2026-07-05 01:54:32,Complete,Argentina
948,38,2025-07-28 18:01:56,Shipped,Brasil
949,60,2025-10-25 00:10:21,Cancelled,EUA
950,133,2026-03-09 20:46:21,Complete,Argentina
951,98,2026-05-15 09:13:36,Complete,Argentina
952,275,2025-12-02 06:05:37,Returned,Argentina
953,255,2025-07-25 04:37:41,Complete,Portugal
954,227,2025-02-12 18:20:10,Complete,Portugal
955,129,2025-06-29 12:44:50,Complete,EUA
956,150,2026-06-02 02:19:02,Shipped,Brasil
957,281,2025-11-22 02:03:53,Processing,Chile
958,165,2026-01-15 01:23:57,Shipped,Portugal
959,62,2025-08-18 22:52:30,Processing,Brasil
960,145,2026-02-01 16:22:19,Cancelled,Chile
961,90,2026-02-02 09:21:53,Cancelled,Brasil
962,236,2026-02-25 19:42:55,Cancelled,Chile
963,232,2026-03-31 14:08:33,Complete,Argentina
964,281,2026-02-23 13:38:47,Complete,Chile
965,212,2025-02-22 07:15:37,Shipped,Chile
966,198,2026-08-05 06:16:29,Shipped,EUA
967,240,2025-09-09 04:45:12,Complete,Brasil
968,5,2025-02-24 12:04:11,Cancelled,Argentina
969,299,2026-04-03 17:17:50,Complete,Argentina
970,288,2026-07-20 22:53:22,Complete,Brasil
971,70,2026-01-26 17:12:52,Complete,EUA
972,186,2026-03-28 21:17:42,Complete,Argentina
973,174,2025-03-29 13:28:12,Processing,Portugal
974,254,2025-01-17 22:38:28,Cancelled,Portugal
975,13,2026-05-17 11:35:55,Cancelled,Portugal
976,235,2025-03-24 12:07:16,Complete,Chile
977,103,2026-04-27 13:50:09,Complete,EUA
978,134,2026-07-20 07:01:24,Complete,Argentina
979,293,2025-08-31 03:10:53,Cancelled,
980,299,2026-04-17 22:58:26,Cancelled,Argentina
981,72,2025-07-24 02:57:17,Shipped,Brasil
982,120,2025-08-04 01:49:13,Complete,Brasil
983,241,2025-10-22 21:32:49,Cancelled,EUA
984,278,2026-08-13 06:53:37,Complete,Argentina
985,117,2025-06-16 14:22:09,Complete,Brasil
986,34,2025-03-05 02:17:09,Complete,Portugal
987,229,2025-01-13 03:12:44,Complete,Argentina
988,246,2026-01-15 18:11:36,Complete,Argentina
989,237,2025-11-29 14:40:53,Complete,Argentina
990,223,2025-06-26 05:29:56,Complete,EUA
991,139,2025-12-12 07:12:00,Processing,Chile
992,82,2026-05-15 02:10:32,Complete,Brasil
993,158,2025-06-12 12:19:38,Complete,Argentina
994,33,2025-01-19 16:16:39,Complete,Brasil
995,66,2025-11-26 23:02:06,Complete,Portugal
996,49,2026-01-29 05:24:05,Complete,Chile
997,115,2025-01-04 11:54:48,Complete,Chile
998,103,2025-07-12 21:45:26,Complete,EUA
999,145,2025-09-12 13:41:24,Complete,Chile
1000,152,2025-01-26 01:02:57,Complete,Argentina
1001,76,2026-04-03 22:47:16,Complete,EUA
1002,9,2025-05-07 01:54:31,Cancelled,Chile
1003,92,2025-12-01 22:19:17,Complete,Portugal
1004,35,2025-05-24 05:31:06,Processing,Chile
1005,36,2026-05-20 14:35:02,Complete,Brasil
1006,116,2026-05-06 01:32:36,Processing,Portugal
1007,10,2026-06-07 10:32:43,Complete,Chile
1008,261,2025-06-18 14:27:39,Shipped,EUA
1009,168,2025-09-24 14:17:43,Processing,Chile
1010,263,2026-02-20 07:26:56,Shipped,Argentina
1011,153,2025-08-08 21:35:59,Complete,Chile
1012,130,2025-08-11 18:36:30,Processing,Portugal
1013,201,2025-06-19 17:54:05,Complete,EUA
1014,6,2025-10-08 00:00:01,Complete,Brasil
1015,191,2025-03-19 10:11:37,Complete,Portugal
1016,234,2025-07-29 04:22:51,Cancelled,Brasil
1017,45,2025-08-29 16:34:29,Cancelled,Chile
1018,194,2025-01-31 01:21:10,Complete,EUA
1019,13,2025-10-06 06:50:50,Shipped,Portugal
1020,223,2026-07-27 17:47:12,Complete,EUA
1021,189,2026-04-13 17:12:08,Complete,Chile
1022,178,2025-10-27 05:22:30,Complete,Brasil
1023,85,2025-02-13 12:30:17,Complete,Argentina
1024,106,2026-02-10 02:58:34,Complete,Portugal
1025,131,2026-07-18 05:59:47,Complete,Portugal
1026,113,2026-08-14 12:47:03,Complete,Argentina
1027,80,2025-07-12 00:01:18,Cancelled,EUA
1028,157,2025-09-05 14:47:10,Complete,Argentina
1029,152,2025-05-04 07:32:23,Shipped,Argentina
1030,61,2026-03-09 13:01:00,Complete,Chile
1031,22,2026-05-19 01:08:51,Complete,Argentina
1032,252,2025-01-28 13:50:03,Processing,Brasil
1033,43,2025-09-09 22:59:05,Cancelled,EUA
1034,49,2025-01-11 04:40:27,Complete,Chile
1035,93,2026-04-20 10:00:10,Complete,Argentina
1036,265,2026-05-18 06:19:55,Cancelled,EUA
1037,40,2025-07-23 17:33:15,Complete,
1038,299,2026-05-21 08:19:40,Complete,Argentina
1039,289,2025-01-25 15:57:02,Complete,Chile
1040,35,2025-03-08 03:10:35,Shipped,Chile
1041,101,2026-04-02 19:52:34,Complete,EUA
1042,287,2025-02-10 08:27:21,Shipped,Brasil
1043,125,2026-05-07 07:46:31,Shipped,Argentina
1044,35,2026-05-05 18:41:30,Returned,Chile
1045,209,2025-03-03 15:43:26,Processing,Argentina
1046,261,2026-02-21 23:31:17,Cancelled,EUA
1047,214,2025-03-09 20:27:01,Processing,Argentina
1048,175,2025-11-07 19:29:21,Complete,Portugal
1049,47,2026-05-17 12:28:00,Complete,EUA
1050,139,2025-10-23 21:38:33,Complete,Chile
1051,136,2026-03-11 23:59:51,Shipped,Chile
1052,165,2025-07-29 16:50:45,Complete,Portugal
1053,248,2025-10-05 20:41:13,Complete,Argentina
1054,131,2026-05-22 16:33:26,Returned,Portugal
1055,224,2026-02-01 11:24:04,Processing,EUA
1056,217,2025-07-29 01:27:14,Cancelled,Brasil
1057,142,2025-10-19 15:38:55,Shipped,EUA
1058,197,2025-07-28 19:43:23,Complete,EUA
1059,139,2026-05-13 04:32:06,Processing,Chile
1060,2,2025-09-02 11:13:54,Complete,Chile
1061,12,2026-07-09 09:53:35,Shipped,EUA
1062,194,2025-06-22 14:42:33,Shipped,EUA
1063,34,2026-04-09 00:47:47,Complete,Portugal
1064,87,2025-08-13 21:19:01,Complete,Chile
1065,82,2025-04-05 22:24:28,Complete,Brasil
1066,151,2025-05-26 15:52:13,Shipped,Brasil
1067,27,2026-08-10 23:50:02,Complete,Argentina
1068,101,2025-03-20 02:27:11,Complete,EUA
1069,79,2026-07-01 06:48:05,Shipped,
1070,202,2025-05-19 06:04:49,Processing,Chile
1071,233,2025-06-29 04:00:01,Complete,Portugal
1072,148,2026-04-17 19:15:23,Complete,Argentina
1073,208,2025-09-15 19:03:32,Returned,EUA
1074,13,2025-11-19 17:44:21,Shipped,Portugal
1075,205,2026-04-23 16:56:15,Complete,Portugal
1076,152,2026-01-19 01:56:02,Complete,Argentina
1077,85,2025-01-12 03:41:17,Shipped,Argentina
1078,236,2025-12-22 22:38:16,Complete,Chile
1079,264,2025-02-07 19:57:06,Complete,Brasil
1080,226,2025-10-01 05:14:28,Shipped,Chile
1081,113,2025-02-12 01:36:08,Complete,Argentina
1082,131,2025-08-04 00:01:14,Returned,Portugal
1083,34,2025-08-13 17:03:01,Cancelled,Portugal
1084,170,2025-12-01 19:10:36,Shipped,Portugal
1085,208,2025-02-22 21:32:34,Complete,EUA
1086,113,2025-09-12 16:54:22,Cancelled,Argentina
1087,34,2025-11-18 02:04:18,Complete,Portugal
1088,121,2026-05-14 17:54:29,Cancelled,Chile
1089,85,2025-12-11 05:47:45,Complete,Argentina
1090,5,2025-06-03 19:40:27,Complete,Argentina
1091,188,2026-01-01 20:49:32,Processing,Chile
1092,99,2025-06-24 14:13:51,Complete,EUA
1093,134,2025-06-11 23:25:40,Complete,Argentina
1094,157,2025-10-28 23:47:34,Complete,Argentina
1095,80,2025-02-07 02:53:34,Processing,EUA
1096,164,2026-08-17 08:42:39,Complete,Brasil
1097,108,2026-04-30 23:53:27,Processing,EUA
1098,255,2026-04-20 23:58:08,Returned,Portugal
1099,85,2025-09-14 15:08:19,Processing,Argentina
1100,214,2025-02-09 00:20:09,Complete,Argentina
1101,259,2025-10-08 19:19:42,Complete,EUA
1102,149,2026-07-06 16:37:06,Processing,EUA
1103,162,2025-08-17 16:21:26,Shipped,Brasil
1104,131,2026-02-09 09:39:42,Processing,Portugal
1105,141,2026-07-03 19:53:56,Returned,Argentina
1106,121,2026-02-03 20:24:59,Complete,Chile
1107,246,2025-01-22 03:37:16,Shipped,Argentina
1108,186,2025-04-10 10:30:50,Complete,Argentina
1109,2,2025-09-03 02:24:08,Complete,Chile
1110,247,2025-10-12 03:01:54,Complete,Argentina
1111,45,2025-03-06 05:54:31,Shipped,Chile
1112,222,2025-04-17 18:39:23,Complete,Brasil
1113,117,2026-05-22 20:17:47,Complete,Brasil
1114,174,2026-03-02 00:16:14,Returned,Portugal
1115,288,2025-04-30 21:35:10,Shipped,Brasil
1116,55,2025-02-26 10:55:48,Complete,Brasil
1117,154,2026-02-21 00:49:39,Processing,Chile
1118,186,2025-04-27 03:27:52,Returned,Argentina
1119,282,2026-07-09 02:54:01,Complete,Portugal
1120,138,2025-02-23 04:59:02,Processing,Argentina
1121,185,2026-02-20 19:43:56,Processing,EUA
1122,9,2026-04-27 07:57:08,Complete,Chile
1123,97,2026-05-20 19:56:10,Shipped,EUA
1124,64,2026-03-07 09:17:03,Complete,Chile
1125,130,2025-05-12 20:59:38,Shipped,Portugal
1126,119,2025-09-13 01:41:43,Complete,Portugal
1127,57,2025-01-15 15:02:59,Processing,Brasil
1128,211,2026-01-23 18:53:28,Complete,Argentina
1129,125,2026-05-17 17:48:02,Returned,Argentina
1130,57,2025-10-22 05:07:21,Shipped,Brasil
1131,233,2025-12-23 11:02:20,Complete,Portugal
1132,249,2026-01-29 07:58:08,Returned,Argentina
1133,140,2026-06-13 11:17:40,Complete,Argentina
1134,126,2026-07-24 22:20:25,Complete,Argentina
1135,284,2026-03-06 20:40:42,Complete,Portugal
1136,140,2026-08-24 07:15:44,Complete,Argentina
1137,124,2026-06-30 12:08:23,Complete,Argentina
1138,71,2025-08-25 14:57:15,Cancelled,Argentina
1139,6,2026-02-23 04:22:45,Returned,Brasil
1140,142,2026-07-09 06:04:53,Complete,EUA
1141,170,2025-04-13 03:13:47,Complete,Portugal
1142,293,2025-01-22 10:01:18,Shipped,Brasil
1143,236,2025-03-04 16:21:52,Shipped,Chile
1144,154,2026-03-19 05:36:15,Complete,Chile
1145,216,2025-04-22 03:05:18,Complete,Brasil
1146,285,2026-06-28 21:32:33,Cancelled,Brasil
1147,228,2025-10-13 11:29:43,Shipped,Argentina
1148,275,2026-04-22 03:18:50,Cancelled,Argentina
1149,203,2026-08-18 04:55:23,Processing,EUA
1150,38,2025-09-05 19:37:28,Complete,Brasil
1151,70,2025-07-02 01:36:09,Complete,EUA
1152,227,2025-03-15 15:22:08,Complete,Portugal
1153,13,2025-02-01 03:02:42,Complete,Portugal
1154,51,2026-03-26 19:37:31,Complete,EUA
1155,59,2026-06-01 23:30:21,Shipped,Argentina
1156,245,2025-10-22 17:52:54,Complete,Argentina
1157,21,2026-06-04 15:49:35,Complete,Chile
1158,126,2026-01-22 12:34:25,Complete,Argentina
1159,165,2026-01-14 01:47:02,Complete,Portugal
1160,182,2025-01-18 22:44:01,Complete,Brasil
1161,130,2026-06-26 04:31:27,Cancelled,Portugal
1162,91,2026-07-15 17:14:41,Complete,Argentina
1163,138,2025-09-06 05:38:17,Complete,Argentina
1164,67,2026-01-13 19:14:08,Complete,Portugal
1165,192,2025-10-25 01:32:26,Shipped,Chile
1166,194,2025-11-12 14:58:15,Complete,EUA
1167,124,2026-07-24 18:14:23,Complete,Argentina
1168,20,2025-10-24 23:16:05,Processing,Argentina
1169,132,2025-11-19 04:26:54,Complete,Argentina
1170,64,2026-07-12 01:45:34,Complete,Chile
1171,208,2025-11-27 08:13:05,Processing,EUA
1172,259,2026-05-24 11:55:18,Returned,EUA
1173,213,2025-04-25 20:00:55,Shipped,Portugal
1174,242,2026-05-25 09:36:28,Complete,Argentina
1175,110,2026-02-06 13:23:42,Complete,Argentina
1176,64,2026-06-23 23:16:32,Complete,Chile
1177,209,2025-07-19 06:12:40,Complete,Argentina
1178,172,2025-12-12 15:13:43,Processing,Argentina
1179,209,2025-02-13 13:21:21,Complete,Argentina
1180,60,2025-05-12 15:31:44,Complete,EUA
1181,105,2026-01-05 14:13:15,Complete,Argentina
1182,38,2025-11-25 07:44:59,Processing,Brasil
1183,224,2026-08-09 03:57:37,Complete,EUA
1184,284,2025-01-06 19:13:01,Returned,Portugal
1185,120,2026-01-19 22:22:24,Complete,Brasil
1186,149,2025-10-20 20:54:06,Shipped,EUA
1187,152,2026-07-20 23:21:55,Complete,Argentina
1188,257,2025-11-14 20:44:03,Complete,Portugal
1189,221,2026-02-18 20:31:53,Complete,Chile
1190,111,2025-11-13 20:26:57,Returned,Chile
1191,267,2025-05-22 23:55:48,Cancelled,Chile
1192,16,2026-07-17 05:21:39,Complete,EUA
1193,177,2026-02-21 22:57:01,Processing,Portugal
1194,51,2025-05-30 06:55:41,Complete,EUA
1195,160,2026-06-06 09:53:58,Complete,Argentina
1196,1,2025-01-07 18:42:37,Complete,EUA
1197,14,2025-02-19 02:24:39,Complete,Brasil
1198,268,2025-07-20 21:12:24,Returned,Brasil
1199,254,2026-03-28 16:07:04,Complete,Portugal
1200,211,2025-05-14 21:42:39,Shipped,Argentina
