product_id,product_name,category,brand,cost,price
1,O Direito De Mudar Em Estado Puro,Livros,Solvix,221.05,377.18
2,A Segurança De Evoluir Em Estado Puro,Pet,Aurea,117.3,175.77
3,A Simplicidade De Ganhar Com Força Total,Brinquedos,Aurea,34.64,48.88
4,A Simplicidade De Inovar Mais Facilmente,Casa,Norvex,225.42,402.25
5,O Poder De Inovar Com Toda A Tranquilidade,Livros,Aurea,179.25,363.89
6,A Possibilidade De Evoluir Direto Da Fonte,Brinquedos,Norvex,127.96,311.67
7,A Possibilidade De Concretizar Seus Projetos De Maneira Eficaz,Livros,Aurea,290.77,604.96
8,A Liberdade De Atingir Seus Objetivos Em Estado Puro,Pet,Bravoli,176.75,278.66
9,O Poder De Atingir Seus Objetivos Mais Facilmente,Livros,Aurea,255.4,448.26
10,O Poder De Evoluir Em Estado Puro,Brinquedos,Norvex,230.68,472.05
11,A Simplicidade De Mudar Com Toda A Tranquilidade,Beleza,Norvex,185.83,400.5
12,O Direito De Conseguir Em Estado Puro,Beleza,Mirano,60.68,134.32
13,O Poder De Realizar Seus Sonhos Em Estado Puro,Casa,Dustex,110.5,169.71
14,O Poder De Mudar Com Toda A Tranquilidade,Eletrônicos,Aurea,28.32,64.1
15,A Arte De Avançar Sem Preocupação,Brinquedos,Fibrix,225.86,356.78
16,O Prazer De Realizar Seus Sonhos Com Confiança,Livros,Aurea,107.54,191.54
17,A Segurança De Inovar Naturalmente,Eletrônicos,Aurea,265.94,399.51
18,O Prazer De Mudar Com Força Total,Pet,Fibrix,87.45,188.94
19,O Direito De Mudar Antes De Tudo,Moda,Mirano,128.94,203.76
20,A Segurança De Mudar Simplesmente,Pet,Solvix,133.53,222.76
21,O Direito De Mudar Com Confiança,Eletrônicos,Norvex,21.26,38.56
22,O Poder De Mudar Em Estado Puro,Casa,Solvix,67.69,171.18
23,A Certeza De Atingir Seus Objetivos Sem Preocupação,Pet,Dustex,92.52,134.71
24,A Certeza De Inovar Antes De Tudo,Esporte,Mirano,59.3,106.4
25,O Direito De Avançar Com Confiança,Eletrônicos,Dustex,29.05,70.31
26,A Arte De Mudar Antes De Tudo,Livros,Dustex,13.47,33.64
27,O Poder De Conseguir Com Força Total,Brinquedos,Solvix,175.43,389.87
28,O Conforto De Conseguir Com Toda A Tranquilidade,Livros,Kelta,41.63,55.25
29,A Certeza De Evoluir Simplesmente,Livros,Aurea,241.99,509.04
30,A Simplicidade De Atingir Seus Objetivos Com Força Total,Brinquedos,Dustex,135.52,194.83
31,O Direito De Realizar Seus Sonhos Direto Da Fonte,Beleza,Mirano,161.0,292.13
32,A Certeza De Concretizar Seus Projetos Com Confiança,Moda,Aurea,72.7,168.14
33,O Direito De Evoluir Com Confiança,Livros,Mirano,162.94,252.9
34,O Conforto De Evoluir Com Confiança,Casa,Bravoli,220.39,521.14
35,O Conforto De Realizar Seus Sonhos Direto Da Fonte,Casa,Kelta,38.02,62.08
36,A Possibilidade De Conseguir Mais Rapidamente,Casa,Fibrix,229.98,494.95
37,A Segurança De Atingir Seus Objetivos Mais Facilmente,Pet,Mirano,143.47,291.65
38,O Prazer De Evoluir De Maneira Eficaz,Casa,Fibrix,260.36,550.76
39,A Possibilidade De Concretizar Seus Projetos Antes De Tudo,Beleza,Solvix,27.94,52.38
40,A Vantagem De Concretizar Seus Projetos Direto Da Fonte,Moda,Solvix,180.69,317.57
41,A Segurança De Conseguir Em Estado Puro,Livros,Solvix,142.83,192.66
42,A Segurança De Conseguir Em Estado Puro,Moda,Dustex,30.41,73.7
43,A Possibilidade De Inovar De Maneira Eficaz,Eletrônicos,Fibrix,143.11,289.17
44,O Conforto De Avançar Mais Rapidamente,Esporte,Mirano,273.44,558.68
45,A Simplicidade De Mudar Com Força Total,Eletrônicos,Fibrix,184.66,360.42
46,A Arte De Inovar Naturalmente,Livros,Aurea,38.22,94.36
47,A Arte De Atingir Seus Objetivos Sem Preocupação,Esporte,Fibrix,155.33,236.77
48,A Simplicidade De Inovar Direto Da Fonte,Casa,Mirano,297.37,589.18
49,A Liberdade De Conseguir Mais Rapidamente,Brinquedos,Mirano,116.87,194.91
50,O Poder De Atingir Seus Objetivos Em Estado Puro,Livros,Aurea,206.24,282.15
51,A Segurança De Conseguir Com Confiança,Brinquedos,Solvix,104.27,211.18
52,O Prazer De Concretizar Seus Projetos Naturalmente,Casa,Mirano,81.58,196.37
53,A Vantagem De Avançar Em Estado Puro,Livros,Solvix,31.8,68.77
54,A Simplicidade De Mudar Com Confiança,Brinquedos,Kelta,290.57,641.59
55,A Certeza De Conseguir Mais Rapidamente,Beleza,Dustex,181.75,457.9
56,A Possibilidade De Conseguir Mais Facilmente,Casa,Aurea,195.9,338.32
57,A Segurança De Mudar Com Força Total,Livros,Norvex,196.64,363.87
58,O Poder De Avançar Com Toda A Tranquilidade,Esporte,Mirano,113.88,174.73
59,A Vantagem De Mudar Com Força Total,Esporte,Kelta,284.72,550.12
60,A Liberdade De Realizar Seus Sonhos Antes De Tudo,Moda,Norvex,53.24,89.68
61,O Conforto De Avançar Em Estado Puro,Casa,Dustex,201.28,490.98
62,A Segurança De Avançar Naturalmente,Casa,Fibrix,53.04,81.42
63,O Prazer De Ganhar Com Força Total,Esporte,Fibrix,20.76,36.82
64,A Arte De Conseguir Direto Da Fonte,Pet,Bravoli,186.29,424.39
65,O Direito De Concretizar Seus Projetos Simplesmente,Pet,Bravoli,163.93,279.06
66,A Possibilidade De Atingir Seus Objetivos Naturalmente,Pet,Fibrix,115.41,292.13
67,A Liberdade De Atingir Seus Objetivos Mais Rapidamente,Brinquedos,Kelta,232.68,537.85
68,A Simplicidade De Avançar Mais Rapidamente,Casa,Solvix,246.53,577.28
69,O Conforto De Atingir Seus Objetivos Com Confiança,Livros,Aurea,23.24,44.73
70,O Poder De Ganhar Antes De Tudo,Moda,Solvix,215.73,425.14
71,O Prazer De Conseguir Com Toda A Tranquilidade,Pet,Kelta,32.49,49.01
72,A Arte De Inovar Mais Rapidamente,Esporte,Fibrix,250.67,355.76
73,O Prazer De Evoluir Naturalmente,Brinquedos,Norvex,266.31,668.34
74,A Possibilidade De Realizar Seus Sonhos Em Estado Puro,Brinquedos,Aurea,123.76,221.05
75,O Prazer De Conseguir Mais Rapidamente,Moda,Mirano,117.47,157.02
76,A Possibilidade De Avançar Com Força Total,Beleza,Fibrix,239.08,353.57
77,O Poder De Conseguir Com Toda A Tranquilidade,Pet,Fibrix,211.25,312.74
78,O Poder De Avançar Com Confiança,Eletrônicos,Solvix,187.68,465.0
79,A Vantagem De Realizar Seus Sonhos Mais Facilmente,Brinquedos,Aurea,70.97,106.06
80,O Conforto De Evoluir Com Toda A Tranquilidade,Moda,Norvex,234.64,377.52
